id,space_id,command,command_ko,context,expect,why_type,why,category
1,OFFICE03,could you get the light on?,조명 켜줘.,화자 위치: 2번 회의실,agent,,,기기 제어
2,OFFICE04,Give me some light to read by,책 읽기 좋게 조명 켜줘.,,ask,위치애매,어느 공간 조명인지 애매 (읽는 자리 불명),기기 제어
3,OFFICE01,can you turn on the open space lights?,사무실 조명 켜줄래?,,agent,,,기기 제어
4,OFFICE06,please light up the open space lights.,사무실 조명 좀 켜줘.,,agent,,,기기 제어
5,OFFICE03,Light up the meeting room 2 light.,회의실 2 조명 켜.,,agent,,,기기 제어
6,OFFICE05,could you get the open space lights on?,사무실 조명 켜줄 수 있어?,,agent,,,기기 제어
7,OFFICE01,Give me some light to read by.,책 읽기 좋게 조명 켜줘.,화자 위치: 회의실,agent,,,기기 제어
8,OFFICE02,I'd like you to get the row 2 light on.,2열 조명 켜줘.,,agent,,,기기 제어
9,OFFICE06,I'd like you to turn on the meeting room lights.,회의실 조명 켜줘.,,agent,,,기기 제어
10,OFFICE05,I'd like you to brighten this place up.,여기 좀 밝게 해줘.,화자 위치: 1층 사무 공간,agent,,,기기 제어
11,OFFICE05,please get the meeting room lights on.,회의실 조명 좀 켜줘.,,ask,위치애매,회의실이 1층·2층에 있어 어느 곳인지 애매,기기 제어
12,OFFICE03,can you turn on the meeting room 4 light?,회의실 4 조명 켜줄래?,,agent,,,기기 제어
13,OFFICE04,please put the row 2 light on.,2열 조명 좀 켜줘.,,agent,,,기기 제어
14,OFFICE05,I cannot see anything.,아무것도 안 보여.,화자 위치: 2층 복도,agent,,,기기 제어
15,OFFICE01,Put the open space lights on.,사무실 조명 켜.,,agent,,,기기 제어
16,OFFICE01,Brighten this place up,여기 좀 밝게 해줘.,,ask,위치애매,어느 공간인지 애매,기기 제어
17,OFFICE02,Light up the row 4 light,4열 조명 켜.,,agent,,,기기 제어
18,OFFICE05,could you bring the light down to 10 percent?,조명 밝기 10퍼센트로 낮춰줘.,,ask,위치애매,어느 공간 조명인지 애매,기기 제어
19,OFFICE02,I'd like you to put the light on.,조명 켜줘.,화자 위치: 3열,agent,,,기기 제어
20,OFFICE04,please switch the rest room lights on.,화장실 조명 켜주세요.,,agent,,,기기 제어
21,OFFICE01,Bring the open space lights down to 15 percent.,사무실 조명 밝기 15퍼센트로 낮춰.,,agent,,,기기 제어
22,OFFICE05,Dim the meeting room lights to 10 percent.,회의실 조명 밝기를 10퍼센트로 낮춰.,화자 위치: 1층 회의실,agent,,,기기 제어
23,OFFICE06,Turn on the open space lights,사무실 조명 켜.,,agent,,,기기 제어
24,OFFICE06,Turn the meeting room lights up to 80 percent,회의실 조명 밝기 80퍼센트로 올려.,,agent,,,기기 제어
25,OFFICE03,could you make it dimmer?,좀 더 어둡게 해줄래?,,ask,위치애매,어느 공간인지 애매,기기 제어
26,OFFICE01,I'd like you to set the mood softer.,분위기 좀 부드럽게 해줘.,,ask,동작애매,"밝기인지 색인지, 어느 공간인지 애매",기기 제어
27,OFFICE04,I'd like you to put the open space lights on.,사무실 조명 켜줘.,,agent,,,기기 제어
28,OFFICE02,please light up the meeting room lights.,회의실 조명 좀 켜줘.,,agent,,,기기 제어
29,OFFICE02,This is harsh on the eyes.,눈이 부셔.,화자 위치: 2번 회의실,agent,,,기기 제어
30,OFFICE03,Bring the open space lights down to 5 percent.,사무실 조명 밝기 5퍼센트로 낮춰.,,agent,,,기기 제어
31,OFFICE05,please set the meeting room lights brightness to 70 percent.,회의실 조명 밝기를 70퍼센트로 좀 맞춰줘.,,ask,위치애매,회의실이 1층·2층에 있어 어느 곳인지 애매,기기 제어
32,OFFICE01,could you bring the meeting room lights down to 25 percent?,회의실 조명 밝기 25퍼센트로 낮춰줘.,,agent,,,기기 제어
33,OFFICE05,can you change the light to red?,조명 빨간색으로 바꿔줄래?,,ask,위치애매,어느 공간 조명인지 애매,기기 제어
34,OFFICE06,I'd like you to change the light to red.,조명 빨간색으로 바꿔줘.,화자 위치: 사무 공간,agent,,,기기 제어
35,OFFICE02,please get the lights on.,조명 전부 좀 켜줘.,,agent,,,기기 제어
36,OFFICE03,I'd like you to change the lights to daylight white.,조명 전부 주광색으로 바꿔줘.,,agent,,,기기 제어
37,OFFICE06,please turn on the lights.,조명 전부 좀 켜줘.,,agent,,,기기 제어
38,OFFICE03,Change the lights to green.,조명 전부 초록색으로 바꿔.,,agent,,,기기 제어
39,OFFICE04,Put the lights on,조명 전부 켜.,,agent,,,기기 제어
40,OFFICE01,could you change the lights to pink?,조명 전부 분홍색으로 바꿔줄 수 있어?,,agent,,,기기 제어
41,OFFICE04,I'd like you to turn the lights pink.,조명 전부 분홍색으로 켜줘.,,agent,,,기기 제어
42,OFFICE05,could you make it feel warmer in here?,여기 분위기 좀 따뜻하게 해줄래?,,ask,위치애매,어디 분위기를 바꿀지 애매,기기 제어
43,OFFICE04,please turn the lights blue.,조명 전부 파란색으로 켜주세요.,,agent,,,기기 제어
44,OFFICE06,Turn on the lights,조명 전부 켜.,,agent,,,기기 제어
45,OFFICE03,can you set the lights to blue?,조명 전부 파란색으로 바꿔줄래?,,agent,,,기기 제어
46,OFFICE06,I'd like you to set all the lights to warm white.,모든 조명 전구색으로 바꿔줘.,,agent,,,기기 제어
47,OFFICE03,please set the lights to green.,조명 전부 초록색으로 좀 바꿔줘.,,agent,,,기기 제어
48,OFFICE03,Make all the lights red,모든 조명 빨간색으로 해.,,agent,,,기기 제어
49,OFFICE03,I'd like you to turn all the lights blue.,모든 조명 파란색으로 켜줘.,,agent,,,기기 제어
50,OFFICE04,could you set the lights to purple?,조명 전부 보라색으로 바꿔줘.,,agent,,,기기 제어
51,OFFICE03,I'd like you to make it feel warmer in here.,여기 분위기 좀 따뜻하게 해줘.,화자 위치: 2번 회의실,agent,,,기기 제어
52,OFFICE03,could you change the lights to warm white?,조명 전부 전구색으로 바꿔줄 수 있어?,,agent,,,기기 제어
53,OFFICE01,can you switch all the lights on?,모든 조명 켜줄래?,,agent,,,기기 제어
54,OFFICE06,please turn off the open space switch.,사무실 스위치 꺼주세요.,,agent,,,기기 제어
55,OFFICE03,Switch the meeting room 4 light on.,회의실 4 조명 켜.,,agent,,,기기 제어
56,OFFICE04,Turn off the row 3 light,3열 조명 꺼.,,agent,,,기기 제어
57,OFFICE05,could you turn on the meeting room lights?,회의실 조명 켜줄래?,화자 위치: 2층 회의실,agent,,,기기 제어
58,OFFICE02,I'd like you to turn off the row 5 light.,5열 조명 꺼줘.,,agent,,,기기 제어
59,OFFICE06,I'd like you to switch the meeting room switch on.,회의실 스위치 켜줘.,,agent,,,기기 제어
60,OFFICE01,Send me the open space temperature.,사무실 온도 알려줘.,,agent,,,상태 조회
61,OFFICE03,can you tell me whether any switch is on?,켜져 있는 스위치가 있는지 알려줄래?,,agent,,,상태 조회
62,OFFICE03,Tell me if something is off.,뭔가 이상하면 알려줘.,,ask,동작애매,무엇을 이상으로 볼지 애매,자동화 만들기
63,OFFICE05,How much power is the utility room using?,전기실 전력 얼마나 쓰고 있어?,,agent,,,상태 조회
64,OFFICE02,could you remind me to check the switch?,스위치 확인하라고 알려줘.,,agent,,,알림 보내기
65,OFFICE04,Send me the pantry temperature,팬트리 온도 알려줘.,,refuse,감지불가,팬트리에 온도 센서 없음,상태 조회
66,OFFICE04,Let me know if the fan is still on,선풍기 아직 켜져 있으면 알려줘.,,execute,,,자동화 만들기
67,OFFICE06,Send me the meeting room temperature,회의실 온도 알려줘.,,refuse,감지불가,회의실에 온도 센서 없음,상태 조회
68,OFFICE02,please text me the humidity in the hallway.,복도 습도 문자로 보내주세요.,,refuse,보낼수단없음,복도에 습도 센서가 없고 문자 보낼 기기도 없음,알림 보내기
69,OFFICE01,could you tell me the pantry temperature?,팬트리 온도 알려줄 수 있어?,,refuse,감지불가,팬트리에 온도 센서 없음,상태 조회
70,OFFICE04,could you tell me if something is off?,뭔가 이상하면 알려줄래?,,ask,동작애매,무엇을 이상으로 볼지 애매,자동화 만들기
71,OFFICE05,could you lower the blind to 20 percent?,블라인드 20퍼센트까지 내려줄 수 있어?,,agent,,,기기 제어
72,OFFICE05,could you pull the blinds shut?,블라인드 전부 닫아줘.,,agent,,,기기 제어
73,OFFICE02,Lower the blinds to 80 percent.,블라인드 전부 80퍼센트까지 내려.,,agent,,,기기 제어
74,OFFICE01,The sun is too strong.,햇빛이 너무 강해.,,agent,,,기기 제어
75,OFFICE02,can you close all the blinds?,모든 블라인드 닫아줄래?,,agent,,,기기 제어
76,OFFICE05,can you lower all the blinds to 10 percent?,모든 블라인드 10퍼센트까지 내려줄래?,,agent,,,기기 제어
77,OFFICE05,could you block the sun?,햇빛 좀 막아줄 수 있어?,화자 위치: 1층 사무 공간,agent,,,기기 제어
78,OFFICE02,Lower the blinds to 10 percent.,블라인드 전부 10퍼센트까지 내려.,,agent,,,기기 제어
79,OFFICE02,could you unlock the door lock?,도어락 열어줄래?,,ask,확인필요,문을 여는 동작이라 확인 필요,기기 제어
80,OFFICE05,Make sure the door lock is locked,도어락 잠겼는지 봐줘.,,agent,,,상태 조회
81,OFFICE02,Lock the door lock.,도어락 잠가줘.,,agent,,,기기 제어
82,OFFICE04,could you lock things up?,다 잠가줄래?,,agent,,,기기 제어
83,OFFICE06,please make sure the entrance door lock is locked.,현관 도어락 좀 잠겼는지 봐줘.,,agent,,,상태 조회
84,OFFICE06,Unlock the entrance door lock,현관 도어락 열어줘.,,ask,확인필요,문을 여는 동작이라 확인 필요,기기 제어
85,OFFICE04,Unlock the door lock.,도어락 열어줘.,,ask,확인필요,문을 여는 동작이라 확인 필요,기기 제어
86,OFFICE05,could you make sure the entrance door lock is locked?,현관 도어락 잠겼는지 봐줄 수 있어?,,agent,,,상태 조회
87,OFFICE04,Make sure the entrance door lock is locked.,현관 도어락 잠겼는지 봐줘.,,agent,,,상태 조회
88,OFFICE05,could you make sure the place is secure?,문단속 좀 해줄래?,,agent,,,기기 제어
89,OFFICE06,Lock the door lock,도어락 잠가줘.,,agent,,,기기 제어
90,OFFICE05,please make sure the door lock is locked.,도어락 좀 잠겼는지 봐줘.,,agent,,,상태 조회
91,OFFICE03,could you lock the door lock?,도어락 잠가줄래?,,agent,,,기기 제어
92,OFFICE01,Is the door lock locked?,도어락 잠겼어?,,agent,,,상태 조회
93,OFFICE01,please run the pantry fan for 15 minutes.,팬트리 선풍기를 15분 동안 돌려주세요.,,execute,,,자동화 만들기
94,OFFICE04,Run the pantry fan for 2 minutes.,팬트리 선풍기를 2분 동안 돌려.,,execute,,,자동화 만들기
95,OFFICE01,Turn on the pantry fan.,팬트리 선풍기 켜.,,agent,,,기기 제어
96,OFFICE04,Set the pantry fan to high,팬트리 선풍기 세게 틀어.,,agent,,,기기 제어
97,OFFICE04,How much power is the switch pulling,스위치 전력 얼마나 쓰고 있어?,,refuse,감지불가,스위치에 전력 측정 기능 없음,상태 조회
98,OFFICE06,How much power is the switch pulling.,스위치 전력 얼마나 쓰고 있어?,,refuse,감지불가,스위치에 전력 측정 기능 없음,상태 조회
99,OFFICE05,How humid is the open space.,사무실 습도 얼마야?,,agent,,,상태 조회
100,OFFICE06,What is the temperature in the entrance,현관 온도 몇 도야?,,refuse,감지불가,현관에 온도 센서 없음,상태 조회
101,OFFICE04,How humid is the entrance.,현관 습도 얼마야?,,refuse,감지불가,현관에 습도 센서 없음,상태 조회
102,OFFICE04,Is the fan on right now.,선풍기 지금 켜져 있어?,,agent,,,상태 조회
103,OFFICE04,How much power is the fan pulling,선풍기 전력 얼마나 쓰고 있어?,,refuse,감지불가,선풍기 전력을 잴 기기가 없음,상태 조회
104,OFFICE05,What are all the switches set to?,모든 스위치 어떻게 돼 있어?,,agent,,,상태 조회
105,OFFICE03,can you toggle the switch?,스위치 껐다 켜줄래?,,ask,위치애매,어느 스위치인지 애매,기기 제어
106,OFFICE02,please turn off all the switches.,모든 스위치 꺼주세요.,,agent,,,기기 제어
107,OFFICE05,I am done for the day.,오늘은 여기까지야.,,ask,동작애매,퇴근 정리로 무엇을 할지 애매,기기 제어
108,OFFICE03,please switch the meeting room 3 light on.,회의실 3 조명 켜주세요.,,agent,,,기기 제어
109,OFFICE01,please toggle the open space switch.,사무실 스위치 껐다 켜주세요.,,ask,확인필요,사무 공간 기기가 모두 잠깐 꺼지므로 확인 필요,기기 제어
110,OFFICE01,could you put the open space thermostat on 22 degrees?,사무실 온도조절기 22도로 해줄 수 있어?,,agent,,,기기 제어
111,OFFICE06,Turn the heating off,난방 꺼.,,agent,,,기기 제어
112,OFFICE01,could you put the open space thermostat on 25 degrees?,사무실 온도조절기 25도로 해줄래?,,agent,,,기기 제어
113,OFFICE02,Cancel the timer,타이머 취소해줘.,,agent,,,타이머
114,OFFICE03,I'd like you to cancel the timer.,타이머 취소해줘.,,agent,,,타이머
115,OFFICE02,I'd like you to start a countdown for 2 minutes.,2분 카운트다운 시작해줘.,,agent,,,타이머
116,OFFICE05,could you start a countdown for 5 minutes?,5분 카운트다운 시작해줄 수 있어?,,agent,,,타이머
117,OFFICE02,can you shut the parking shutter?,주차장 셔터 닫아줄래?,,refuse,기기없음,주차장 셔터 없음,기기 제어
118,OFFICE01,Shut the open space lights off.,사무실 조명 꺼.,,agent,,,기기 제어
119,OFFICE05,Raise all the blinds.,모든 블라인드 올려.,,agent,,,기기 제어
120,OFFICE06,Switch all the lights on,모든 조명 켜.,,agent,,,기기 제어
121,OFFICE01,can you turn the coffee maker off?,커피머신 꺼줄래?,,agent,,,기기 제어
122,OFFICE02,I'd like you to start the coffee maker.,커피머신 켜줘.,,agent,,,기기 제어
123,OFFICE04,could you brew a cup on the pantry coffee maker?,팬트리 커피머신으로 한 잔 내려줘.,,agent,,,기기 제어
124,OFFICE06,Turn the pantry coffee maker off,팬트리 커피머신 꺼.,,agent,,,기기 제어
125,OFFICE06,please brew a cup on the pantry coffee maker.,팬트리 커피머신으로 한 잔 내려주세요.,,agent,,,기기 제어
126,OFFICE06,Make me a cup,한 잔 내려줘.,,agent,,,기기 제어
127,OFFICE02,can you start the pantry coffee maker?,팬트리 커피머신 켜줄래?,,agent,,,기기 제어
128,OFFICE01,can you turn the pantry coffee maker off?,팬트리 커피머신 꺼줄래?,,agent,,,기기 제어
129,OFFICE02,I'd like you to start the pantry coffee maker.,팬트리 커피머신 켜줘.,,agent,,,기기 제어
130,OFFICE04,I'd like you to turn the pantry coffee maker off.,팬트리 커피머신 꺼줘.,,agent,,,기기 제어
131,OFFICE01,can you turn on the camera?,카메라 켜줄래?,,refuse,기기없음,카메라 없음,기기 제어
132,OFFICE05,I'd like you to take a snapshot with the camera.,카메라로 사진 찍어줘.,,ask,확인필요,"어느 카메라인지 애매, 촬영이라 확인 필요",기기 제어
133,OFFICE03,please take a snapshot with the meeting room camera.,회의실 카메라로 사진 좀 찍어줘.,화자 위치: 1번 회의실,ask,확인필요,촬영이라 확인 필요,기기 제어
134,OFFICE02,can you set the volume on the TV to 30?,TV 볼륨 30으로 맞춰줄래?,,refuse,기기없음,TV 없음 (회의실 디스플레이만 있음),기기 제어
135,OFFICE04,I'd like you to shut the row 6 light off.,6열 조명 꺼줘.,,agent,,,기기 제어
136,OFFICE06,Run the fan for 3 minutes,선풍기를 3분 동안 돌려.,,refuse,기기없음,선풍기 없음,자동화 만들기
137,OFFICE01,can you shut everything down in here?,여기 다 꺼줄래?,,ask,확인필요,"어느 공간인지 애매, 다 끄는 동작이라 확인 필요",기기 제어
138,OFFICE06,please brighten this place up.,여기 좀 밝게 해줘.,화자 위치: 회의실,agent,,,기기 제어
139,OFFICE05,can you get the open space lights on?,사무실 조명 켜줄래?,,agent,,,기기 제어
140,OFFICE01,Get the pantry lights on,팬트리 조명 켜.,,agent,,,기기 제어
141,OFFICE06,can you turn on the fan?,선풍기 켜줄래?,,refuse,기기없음,선풍기 없음,기기 제어
142,OFFICE06,Make it breezy,시원하게 해줘.,,agent,,,기기 제어
143,OFFICE05,could you bring the hallway lights down to 25 percent?,복도 조명 밝기 25퍼센트로 낮춰줄 수 있어?,,agent,,,기기 제어
144,OFFICE03,Switch the switch on.,스위치 켜.,,ask,위치애매,어느 스위치인지 애매,기기 제어
145,OFFICE06,please switch the open space lights to the reading scene.,사무실 조명 독서 모드로 바꿔주세요.,,agent,,,기기 제어
146,OFFICE02,I'd like you to stop recording on the camera.,카메라 녹화 멈춰줘.,,refuse,기기없음,카메라 없음,기기 제어
147,OFFICE06,please record this.,이거 좀 녹화해줘.,,ask,동작애매,무엇을 녹화할지 애매,기기 제어
148,OFFICE02,please switch the pantry lights to the morning scene.,팬트리 조명 아침 모드로 좀 바꿔줘.,,agent,,,기기 제어
149,OFFICE03,please turn on the air conditioner.,에어컨 켜주세요.,,ask,위치애매,에어컨이 회의실마다 있어 어느 곳인지 애매,기기 제어
150,OFFICE05,could you turn on the hallway camera?,복도 카메라 켜줘.,,ask,확인필요,카메라를 켜는 건 감시라 확인 필요,기기 제어
151,OFFICE04,Turn the fan off.,선풍기 꺼.,,agent,,,기기 제어
152,OFFICE06,I'd like you to switch the meeting room lights off.,회의실 조명 꺼줘.,,agent,,,기기 제어
153,OFFICE05,Open the open space blinds.,사무실 블라인드 열어.,,agent,,,기기 제어
154,OFFICE04,Run the presentation scene on the lights,조명 발표 모드 실행해.,,agent,,,기기 제어
155,OFFICE01,can you run the break scene on the lights?,조명 휴식 모드 실행해줄래?,,agent,,,기기 제어
156,OFFICE01,Light up all the lights,모든 조명 켜.,,agent,,,기기 제어
157,OFFICE06,Get the meeting room lights on,회의실 조명 켜.,,agent,,,기기 제어
158,OFFICE02,can you tell me the office temperature?,사무실 온도를 알려줄래?,,agent,,,상태 조회
159,OFFICE04,could you brew a cup on the coffee maker?,커피머신으로 한 잔 내려줘.,,agent,,,기기 제어
160,OFFICE04,please turn the coffee maker off.,커피머신 꺼주세요.,,agent,,,기기 제어
161,OFFICE04,I'd like you to run the pantry fan for 60 minutes.,팬트리 선풍기를 60분 동안 돌려줘.,,execute,,,자동화 만들기
162,OFFICE04,can you toggle the row 3 light?,3열 조명 껐다 켜줄래?,,agent,,,기기 제어
163,OFFICE01,could you set the lights to the meeting scene?,조명 회의 모드로 해줄래?,,agent,,,기기 제어
164,OFFICE04,could you turn on the open space air purifier?,사무실 공기청정기 켜줄 수 있어?,,agent,,,기기 제어
165,OFFICE03,can you turn on the meeting room switch?,회의실 스위치 켜줄래?,,ask,위치애매,회의실이 4곳이라 어느 곳인지 애매,기기 제어
166,OFFICE05,can you start recording on all the cameras?,모든 카메라 녹화 시작해줄래?,,ask,확인필요,녹화라 확인 필요,기기 제어
167,OFFICE01,could you remind me to check all the lights?,모든 조명 확인하라고 알려줄 수 있어?,,agent,,,알림 보내기
168,OFFICE02,please switch the open space switch on.,사무실 스위치 켜주세요.,,agent,,,기기 제어
169,OFFICE03,could you get the meeting room lights on?,회의실 조명 켜줄래?,,ask,위치애매,회의실이 4곳이라 어느 곳인지 애매,기기 제어
170,OFFICE04,Switch all the lights off,모든 조명 꺼.,,agent,,,기기 제어
171,OFFICE05,could you switch the open space lights on?,사무실 조명 켜줘.,,agent,,,기기 제어
172,OFFICE06,please turn all the lights red.,모든 조명 빨간색으로 켜주세요.,,agent,,,기기 제어
173,OFFICE03,could you toggle the meeting room 4 light?,회의실 4 조명 껐다 켜줄 수 있어?,,agent,,,기기 제어
174,OFFICE01,could you set a 60 minute timer?,60분 타이머 맞춰줘.,,agent,,,타이머
175,OFFICE04,could you turn on the open space switch?,사무실 스위치 켜줄래?,,agent,,,기기 제어
176,OFFICE06,could you ping me when the open space printer finishes?,사무실 프린터 끝나면 알려줄 수 있어?,,execute,,,자동화 만들기
177,OFFICE05,could you remind me to check all the switches?,모든 스위치 확인하라고 알려줘.,,agent,,,알림 보내기
178,OFFICE04,I'd like you to get the row 6 light on.,6열 조명 켜줘.,,agent,,,기기 제어
179,OFFICE06,please set the mood softer.,분위기 좀 부드럽게 해줘.,,ask,동작애매,밝기인지 색인지 애매,기기 제어
180,OFFICE01,can you run the fan for 20 minutes?,선풍기를 20분 동안 돌려줄래?,,execute,,,자동화 만들기
181,OFFICE05,Lower the open space blinds to 50 percent.,사무실 블라인드 50퍼센트까지 내려.,,agent,,,기기 제어
182,OFFICE01,could you start recording on the camera?,카메라 녹화 시작해줄 수 있어?,,refuse,기기없음,카메라 없음,기기 제어
183,OFFICE03,I'd like you to get all the lights on.,모든 조명 켜줘.,,agent,,,기기 제어
184,OFFICE03,can you set all the lights to amber?,모든 조명 주황색으로 바꿔줄래?,,agent,,,기기 제어
185,OFFICE03,could you put the meeting room 4 light on?,회의실 4 조명 켜줄 수 있어?,,agent,,,기기 제어
186,OFFICE05,I'd like you to turn on the water heater.,온수기 켜줘.,,refuse,기기없음,온수기 없음,기기 제어
187,OFFICE06,could you dim the light to 25 percent with a single press of the button?,버튼을 한 번 누르면 조명 밝기를 25퍼센트로 낮춰줄래?,,execute,,,자동화 만들기
188,OFFICE06,can you make it dimmer when the button is pressed?,버튼이 눌리면 좀 더 어둡게 해줄래?,,execute,,,자동화 만들기
189,OFFICE06,can you dim the open space lights to 10 percent with one tap on the wall switch?,벽 스위치를 한 번 누르면 사무실 조명 밝기를 10퍼센트로 낮춰줄래?,,execute,,,자동화 만들기
190,OFFICE06,"With a single press of the button, dim the meeting room lights to 20 percent.",버튼을 한 번 누르면 회의실 조명 밝기를 20퍼센트로 낮춰.,,execute,,,자동화 만들기
191,OFFICE06,could you dim the meeting room lights to 10 percent when the button is pressed?,버튼이 눌리면 회의실 조명 밝기를 10퍼센트로 낮춰줄 수 있어?,,execute,,,자동화 만들기
192,OFFICE06,can you dim the meeting room lights to 10 percent when I double-press the button?,버튼이 연속 두 번 눌리면 회의실 조명 밝기를 10퍼센트로 낮춰줄래?,,execute,,,자동화 만들기
193,OFFICE06,"When I press the button, dim the open space lights to 5 percent.",내가 버튼을 누르면 사무실 조명 밝기를 5퍼센트로 낮춰.,,execute,,,자동화 만들기
194,OFFICE06,"When the button is pressed, dim the open space lights to 30 percent.",버튼이 눌리면 사무실 조명 밝기를 30퍼센트로 낮춰.,,execute,,,자동화 만들기
195,OFFICE06,could you dim the open space lights to 20 percent when I double-press the button?,버튼이 연속 두 번 눌리면 사무실 조명 밝기를 20퍼센트로 낮춰줘.,,execute,,,자동화 만들기
196,OFFICE06,can you dim the meeting room lights to 15 percent when I press the button?,내가 버튼을 누르면 회의실 조명 밝기를 15퍼센트로 낮춰줄래?,,execute,,,자동화 만들기
197,OFFICE06,"With one tap on the wall switch, set the mood softer",벽 스위치를 한 번 누르면 분위기 좀 부드럽게 해줘.,,ask,위치애매,"어느 스위치인지, 어떻게 바꿀지 애매",자동화 만들기
198,OFFICE06,could you dim the open space lights to 30 percent with a single press of the button?,버튼을 한 번 누르면 사무실 조명 밝기를 30퍼센트로 낮춰줘.,,execute,,,자동화 만들기
199,OFFICE06,could you dim the meeting room lights to 30 percent when I press the button?,내가 버튼을 누르면 회의실 조명 밝기를 30퍼센트로 낮춰줄래?,,execute,,,자동화 만들기
200,OFFICE01,"Around sundown, switch the light on",해질 무렵 조명 켜.,,ask,위치애매,어느 공간 조명인지 애매,자동화 만들기
201,OFFICE05,"Around sundown, get the hallway lights on.",해질 무렵 복도 조명 켜.,,execute,,,자동화 만들기
202,OFFICE04,could you brighten this place up at sunrise?,해 뜰 때 여기 좀 밝게 해줄래?,화자 위치: 사무 공간,execute,,,자동화 만들기
203,OFFICE03,could you turn on the open space lights around sundown?,해질 무렵 사무실 조명 켜줄 수 있어?,,execute,,,자동화 만들기
204,OFFICE04,I'd like you to put the open space lights on around sundown.,해질 무렵 사무실 조명 켜줘.,,execute,,,자동화 만들기
205,OFFICE01,can you put the open space lights on around sundown?,해질 무렵 사무실 조명 켜줄래?,,execute,,,자동화 만들기
206,OFFICE02,please light up the pantry lights around sundown.,해질 무렵 팬트리 조명 켜주세요.,,execute,,,자동화 만들기
207,OFFICE06,please switch the meeting room lights on around sundown.,해질 무렵 회의실 조명 켜주세요.,,execute,,,자동화 만들기
208,OFFICE03,"Around sundown, brighten this place up",해질 무렵 여기 좀 밝게 해줘.,,ask,위치애매,어느 공간인지 애매,자동화 만들기
209,OFFICE03,"At 7 am, I want to know when it changes.",오전 7시에 상태가 바뀌면 알려줘.,,ask,동작애매,무엇의 상태인지 애매,자동화 만들기
210,OFFICE05,"Every night at midnight, send a warning to my phone.",매일 자정에 자정이라고 알림 보내줘.,,execute,,,자동화 만들기
211,OFFICE02,Let me know every night at 10 pm,매일 밤 10시에 알려줘.,,execute,,,자동화 만들기
212,OFFICE04,Give me a heads-up on Monday at noon,월요일 정오에 꼭 알려줘.,,execute,,,자동화 만들기
213,OFFICE01,could you announce it every night at 10 pm?,매일 밤 10시에 방송해줘.,,execute,,,자동화 만들기
214,OFFICE03,could you push me an alert every night at 11:30 pm?,매일 밤 11시 30분에 알림 띄워줄래?,,execute,,,자동화 만들기
215,OFFICE02,I'd like you to let me know every night at 9 pm.,매일 밤 9시에 알려줘.,,execute,,,자동화 만들기
216,OFFICE04,I'd like you to tell me about it every night at 11:30 pm.,매일 밤 11시 30분에 알려줘.,,execute,,,자동화 만들기
217,OFFICE06,I'd like you to send me a notification every night at 10:30 pm.,매일 밤 10시 30분에 알림 보내줘.,,execute,,,자동화 만들기
218,OFFICE06,Put the open space lights on when I double-press the button.,버튼이 연속 두 번 눌리면 사무실 조명 켜.,,execute,,,자동화 만들기
219,OFFICE01,I'd like you to get the pantry lights on when I press the button.,내가 버튼을 누르면 팬트리 조명 켜줘.,,execute,,,자동화 만들기
220,OFFICE01,"When the temperature drops below 25 degrees, turn the air conditioner off and the fan on.",온도가 25도 아래로 떨어지면 에어컨 끄고 선풍기를 켜줘.,,execute,,,자동화 만들기
221,OFFICE04,"When the temperature goes above 30 degrees, turn on the pantry fan",온도가 30도를 넘으면 팬트리 선풍기 켜.,,execute,,,자동화 만들기
222,OFFICE04,could you make it breezy when the temperature goes above 30 degrees?,온도가 30도를 넘으면 시원하게 해줘.,,execute,,,자동화 만들기
223,OFFICE04,please let me know if rain is in the forecast.,비 예보가 있으면 알려주세요.,,refuse,감지불가,날씨 정보를 받을 기기가 없음,자동화 만들기
224,OFFICE03,please let me know if the outside temperature drops below 10.,바깥 온도가 10도 아래로 떨어지면 알려주세요.,,execute,,,자동화 만들기
225,OFFICE03,can you tell me about it if the outside temperature drops below 10?,바깥 온도가 10도 아래로 떨어지면 알려줄래?,,execute,,,자동화 만들기
226,OFFICE02,I'd like you to tell me about it when it starts raining.,비가 오기 시작하면 알려줘.,,execute,,,자동화 만들기
227,OFFICE06,please turn the light amber if the temperature drops below 25 degrees.,온도가 25도 아래로 떨어지면 조명 주황색으로 좀 켜줘.,,ask,위치애매,어느 공간 조명인지 애매,자동화 만들기
228,OFFICE03,"When the temperature goes above 32 degrees, change the meeting room 4 light to green.",온도가 32도를 넘으면 회의실 4 조명 초록색으로 바꿔.,,execute,,,자동화 만들기
229,OFFICE01,could you change the pantry lights to orange if the temperature drops below 18 degrees?,온도가 18도 아래로 떨어지면 팬트리 조명 주황색으로 바꿔줄래?,,execute,,,자동화 만들기
230,OFFICE05,could you set the open space lights to amber if the temperature drops below 10 degrees?,온도가 10도 아래로 떨어지면 사무실 조명 주황색으로 바꿔줄 수 있어?,,execute,,,자동화 만들기
231,OFFICE02,I'd like you to turn the meeting room light blue when the temperature goes above 30 degrees.,온도가 30도를 넘으면 회의실 조명 파란색으로 켜줘.,,execute,,,자동화 만들기
232,OFFICE05,can you lower the blind to 30 percent around sundown?,해질 무렵 블라인드 30퍼센트까지 내려줄래?,,execute,,,자동화 만들기
233,OFFICE05,could you shut out the light from outside around sundown?,해질 무렵 밖에서 들어오는 빛 좀 막아줄 수 있어?,,execute,,,자동화 만들기
234,OFFICE02,"Around sundown, lower the open space blinds to 70 percent",해질 무렵 사무실 블라인드 70퍼센트까지 내려.,,execute,,,자동화 만들기
235,OFFICE01,can you open the open space blinds at sunrise?,해 뜰 때 사무실 블라인드 열어줄래?,,execute,,,자동화 만들기
236,OFFICE02,I'd like you to block the sun when the sun comes up.,해가 뜨면 햇빛 좀 막아줘.,,execute,,,자동화 만들기
237,OFFICE01,Open the open space blinds when the sun comes up,해가 뜨면 사무실 블라인드 열어.,,execute,,,자동화 만들기
238,OFFICE02,can you close the open space blinds once it gets dark outside?,바깥이 어두워지면 사무실 블라인드 닫아줄래?,,execute,,,자동화 만들기
239,OFFICE05,could you pull the open space blinds shut at sunrise?,해 뜰 때 사무실 블라인드 닫아줄 수 있어?,,execute,,,자동화 만들기
240,OFFICE01,Keep me posted if my calendar says I am busy,일정이 잡혀 있으면 계속 알려줘.,,execute,,,자동화 만들기
241,OFFICE03,could you announce it when a meeting is about to start?,회의가 곧 시작되면 방송해줄래?,,execute,,,자동화 만들기
242,OFFICE06,please send me a notification when today's first event begins.,오늘 첫 일정이 시작되면 알림 좀 보내줘.,,execute,,,자동화 만들기
243,OFFICE01,can you push me an alert if my calendar says I am busy?,일정이 잡혀 있으면 알림 띄워줄래?,,execute,,,자동화 만들기
244,OFFICE06,can you tell me about it if my calendar says I am busy?,일정이 잡혀 있으면 알려줄래?,,execute,,,자동화 만들기
245,OFFICE05,"If my calendar says I am busy, send me a notification.",일정이 잡혀 있으면 알림 보내줘.,,execute,,,자동화 만들기
246,OFFICE02,I'd like you to let me know when today's first event begins.,오늘 첫 일정이 시작되면 알려줘.,,execute,,,자동화 만들기
247,OFFICE04,Send me a notification at the start of my next event,다음 일정이 시작되면 알림 보내줘.,,execute,,,자동화 만들기
248,OFFICE06,Give me a heads-up when today's first event begins.,오늘 첫 일정이 시작되면 꼭 알려줘.,,execute,,,자동화 만들기
249,OFFICE01,can you let me know if my calendar says I am busy?,일정이 잡혀 있으면 알려줄래?,,execute,,,자동화 만들기
250,OFFICE03,Keep me posted when a meeting is about to start.,회의가 곧 시작되면 계속 알려줘.,,execute,,,자동화 만들기
251,OFFICE05,"If my calendar says I am busy, give me a heads-up",일정이 잡혀 있으면 꼭 알려줘.,,execute,,,자동화 만들기
252,OFFICE02,I'd like you to send me a notification when today's first event begins.,오늘 첫 일정이 시작되면 알림 보내줘.,,execute,,,자동화 만들기
253,OFFICE04,I'd like you to make all the lights green at sunrise.,해 뜰 때 모든 조명 초록색으로 해줘.,,execute,,,자동화 만들기
254,OFFICE01,can you set all the lights to daylight white at sunrise?,해 뜰 때 모든 조명 주광색으로 바꿔줄래?,,execute,,,자동화 만들기
255,OFFICE05,can you change all the lights to pink at sunrise?,해 뜰 때 모든 조명 분홍색으로 바꿔줄래?,,execute,,,자동화 만들기
256,OFFICE04,I'd like you to tell me about it when the temperature goes above 24 degrees.,온도가 24도를 넘으면 알려줘.,,execute,,,자동화 만들기
257,OFFICE06,I'd like you to send me a notification when the temperature goes above 26 degrees.,온도가 26도를 넘으면 알림 보내줘.,,execute,,,자동화 만들기
258,OFFICE02,please let me know if the temperature drops below 18 degrees.,온도가 18도 아래로 떨어지면 좀 알려줘.,,execute,,,자동화 만들기
259,OFFICE01,could you put the thermostat on 24 degrees if the temperature drops below 18 degrees?,온도가 18도 아래로 떨어지면 온도조절기 24도로 해줄래?,,execute,,,자동화 만들기
260,OFFICE01,could you put the thermostat on 22 degrees if the temperature drops below 18 degrees?,온도가 18도 아래로 떨어지면 온도조절기 22도로 해줄 수 있어?,,execute,,,자동화 만들기
261,OFFICE01,could you turn on the camera if motion is detected in the pantry?,팬트리에서 움직임이 감지되면 카메라 켜줘.,,refuse,기기없음,카메라 없음,자동화 만들기
262,OFFICE06,I'd like you to take a snapshot with the camera if motion is detected in the open space.,사무실에서 움직임이 감지되면 카메라로 사진 찍어줘.,,ask,확인필요,촬영이라 확인 필요,자동화 만들기
263,OFFICE06,Take a snapshot with the open space camera the moment something moves in the open space,사무실에서 뭔가 움직이는 순간 사무실 카메라로 사진 찍어.,,ask,확인필요,촬영이라 확인 필요,기기 제어
264,OFFICE06,I'd like you to turn the lights warm white every morning at 7 am.,매일 오전 7시에 조명 전부 전구색으로 켜줘.,,execute,,,자동화 만들기
265,OFFICE03,can you change the lights to red at midnight on weekdays?,평일 자정에 조명 전부 빨간색으로 바꿔줄래?,,execute,,,자동화 만들기
266,OFFICE04,please turn the lights purple every day at 9 am.,매일 오전 9시에 조명 전부 보라색으로 좀 켜줘.,,execute,,,자동화 만들기
267,OFFICE01,can you set a calmer tone when the open space door opens?,사무실 문이 열리면 차분한 톤으로 맞춰줄래?,,execute,,,자동화 만들기
268,OFFICE06,could you set a calmer tone if a window is left open?,창문이 열린 채로 있으면 차분한 톤으로 맞춰줄래?,,refuse,기기없음,창문 기기가 없음 (블라인드만 있음),자동화 만들기
269,OFFICE01,Push me an alert when the open space door opens.,사무실 문이 열리면 알림 띄워줘.,,execute,,,자동화 만들기
270,OFFICE06,please brighten this place up every day at 6 am.,매일 오전 6시에 여기 좀 밝게 해줘.,,ask,위치애매,어느 공간인지 애매,자동화 만들기
271,OFFICE03,"At 6:30 am, put all the lights on",오전 6시 30분에 모든 조명 켜.,,execute,,,자동화 만들기
272,OFFICE04,could you start recording on the camera every night at 11:30 pm?,매일 밤 11시 30분에 카메라 녹화 시작해줄 수 있어?,,refuse,기기없음,카메라 없음,자동화 만들기
273,OFFICE01,Stop recording on the camera on Saturday at 10:30 pm,토요일 밤 10시 30분에 카메라 녹화 멈춰.,,refuse,기기없음,카메라 없음,자동화 만들기
274,OFFICE05,can you turn on the camera at midnight on weekdays?,평일 자정에 카메라 켜줄래?,,ask,확인필요,카메라를 켜는 건 감시라 확인 필요,자동화 만들기
275,OFFICE01,could you light up the pantry lights when I am close by?,내가 근처에 오면 팬트리 조명 켜줄 수 있어?,,execute,,,자동화 만들기
276,OFFICE02,please turn on the row 1 light when I arrive.,내가 도착하면 1열 조명 켜주세요.,,execute,,,자동화 만들기
277,OFFICE01,"When the temperature goes above 24 degrees, tone it down a bit.",온도가 24도를 넘으면 좀 낮춰줘.,,execute,,,자동화 만들기
278,OFFICE03,Send the robot vacuum back to its dock on Sunday at 6:30 am,일요일 오전 6시 30분에 로봇청소기 충전기로 보내.,,refuse,기기없음,로봇청소기 없음,자동화 만들기
279,OFFICE01,Keep me posted when I am close by.,내가 근처에 오면 계속 알려줘.,,execute,,,자동화 만들기
280,OFFICE05,can you play a chime on the speaker once the utility is empty?,전기실이 비면 스피커로 알림음 울려줄래?,,refuse,감지불가,전기실에 사람 감지 센서 없음,자동화 만들기
281,OFFICE05,I'd like you to announce it on the speaker when someone shows up in the entrance.,현관에 누가 나타나면 스피커로 알려줘.,,execute,,,자동화 만들기
282,OFFICE01,"Once the pantry is empty, announce it on the open space speaker",팬트리가 비면 사무실 스피커로 알려.,,refuse,감지불가,팬트리에 사람 감지 센서 없음,자동화 만들기
283,OFFICE02,can you unlock the door after work hours?,퇴근 시간 지나면 도어락 열어줄래?,,refuse,위험,퇴근 후에 문을 여는 건 위험,자동화 만들기
284,OFFICE05,I'd like you to lock the entrance door lock when the computer at my desk shuts down.,내 자리 컴퓨터가 꺼지면 현관 도어락 잠가줘.,,refuse,감지불가,컴퓨터가 꺼졌는지 알 방법이 없음,자동화 만들기
285,OFFICE02,can you make sure the entrance door lock is locked when I connect to the office wi-fi?,내가 사무실 와이파이에 접속하면 현관 도어락 잠겼는지 봐줄래?,,refuse,감지불가,와이파이 접속 정보를 받을 수 없음,자동화 만들기
286,OFFICE04,can you toggle the switch when I am close by?,내가 근처에 오면 스위치 껐다 켜줄래?,,refuse,감지불가,내가 도착했는지 알 방법이 없음,자동화 만들기
287,OFFICE02,Switch the switch on when I arrive,내가 도착하면 스위치 켜.,,ask,위치애매,어느 스위치인지 애매,자동화 만들기
288,OFFICE06,I'd like you to toggle the switch as soon as I arrive.,내가 도착하자마자 스위치 껐다 켜줘.,,ask,위치애매,어느 스위치인지 애매,자동화 만들기
289,OFFICE02,could you light up the light when the meeting room is occupied?,회의실에 사람이 있으면 조명 켜줄래?,,execute,,,자동화 만들기
290,OFFICE05,can you put all the lights on when someone shows up in the entrance?,현관에 누가 나타나면 모든 조명 켜줄래?,,execute,,,자동화 만들기
291,OFFICE02,Stop the vacuum on Monday at midnight,월요일 자정에 로봇청소기 멈춰.,,refuse,기기없음,로봇청소기 없음,자동화 만들기
292,OFFICE05,please turn off the open space switch when the button is pressed.,버튼이 눌리면 사무실 스위치 꺼주세요.,,execute,,,자동화 만들기
293,OFFICE01,"When it starts raining, get the lights on.",비가 오기 시작하면 조명 전부 켜.,,execute,,,자동화 만들기
294,OFFICE03,could you switch the lights on when snow is expected?,눈이 올 것 같으면 조명 전부 켜줘.,,execute,,,자동화 만들기
295,OFFICE06,I'd like you to make it cozy when I arrive.,내가 도착하면 포근하게 해줘.,,execute,,,자동화 만들기
296,OFFICE01,"As soon as I arrive, set the open space thermostat to 21 degrees",내가 도착하자마자 사무실 온도조절기 21도로 맞춰.,,execute,,,자동화 만들기
297,OFFICE01,can you change the open space lights to warm white when it gets hot outside?,바깥이 더워지면 사무실 조명 전구색으로 바꿔줄래?,,execute,,,자동화 만들기
298,OFFICE03,"When it starts raining, change the meeting room lights to amber.",비가 오기 시작하면 회의실 조명 주황색으로 바꿔.,,ask,위치애매,회의실이 4곳이라 어느 곳인지 애매,자동화 만들기
299,OFFICE01,can you turn the fan off when I double-press the button?,버튼이 연속 두 번 눌리면 선풍기 꺼줄래?,,execute,,,자동화 만들기
300,OFFICE01,Block the sun coming into the office in the morning.,아침이 되면 사무실에 드는 햇빛 좀 막아줘.,,execute,,,자동화 만들기
301,OFFICE04,Kill the lights in here on Tuesday at midnight,화요일 자정에 여기 불 다 꺼줘.,,execute,,,자동화 만들기
302,OFFICE01,Turn the heating off if the forecast says frost,서리 예보가 있으면 난방 꺼.,,execute,,,자동화 만들기
303,OFFICE05,please let me know if the camera comes on.,카메라가 켜지면 알려주세요.,,execute,,,자동화 만들기
304,OFFICE06,Turn the heating off with a single press of the button,버튼을 한 번 누르면 난방 꺼.,,execute,,,자동화 만들기
305,OFFICE02,Run the reading scene on the lights when I arrive,내가 도착하면 조명 독서 모드 실행해.,,execute,,,자동화 만들기
306,OFFICE05,can you set the lights to the focus scene as soon as I arrive?,내가 도착하자마자 조명 집중 모드로 해줄래?,,execute,,,자동화 만들기
307,OFFICE05,could you announce it when I log in to the company messenger?,사내 메신저에 로그인하면 방송해줄래?,,refuse,감지불가,메신저 로그인 정보를 받을 수 없음,자동화 만들기
308,OFFICE04,please switch the switch on when the sun comes up.,해가 뜨면 스위치 켜주세요.,,ask,위치애매,어느 스위치인지 애매,자동화 만들기
309,OFFICE01,"At noon, turn on the switch.",정오에 스위치 켜.,,ask,위치애매,어느 스위치인지 애매,자동화 만들기
310,OFFICE03,"Every morning at 6:30 am, toggle all the switches.",매일 오전 6시 30분에 모든 스위치 껐다 켜.,,ask,확인필요,사무실 기기가 모두 잠깐 꺼지므로 확인 필요,자동화 만들기
311,OFFICE06,please stop recording on the office camera when motion is detected in the open space.,사무실에서 움직임이 감지되면 카메라 녹화 멈춰주세요.,,execute,,,자동화 만들기
312,OFFICE06,I'd like you to switch the lights on when the temperature goes above 24 degrees.,온도가 24도를 넘으면 조명 전부 켜줘.,,execute,,,자동화 만들기
313,OFFICE03,please light up the open space lights when the printer hits an error.,프린터에 오류가 나면 사무실 조명 좀 켜줘.,,execute,,,자동화 만들기
314,OFFICE05,can you let me see what is going on when I arrive?,내가 도착하면 지금 상황 좀 보여줄래?,,ask,동작애매,무엇을 보여줄지 애매,자동화 만들기
315,OFFICE05,could you shut the open space lights off at sunrise?,해 뜰 때 사무실 조명 꺼줘.,,execute,,,자동화 만들기
316,OFFICE06,Turn the heating off on Sunday at 6 pm,일요일 오후 6시에 난방 꺼.,,execute,,,자동화 만들기
317,OFFICE01,please unlock the entrance door lock when the door closes.,문이 닫히면 현관 도어락 열어주세요.,,refuse,위험,문이 닫히면 자동으로 여는 건 위험,자동화 만들기
318,OFFICE01,could you announce it at sunrise?,해 뜰 때 방송해줘.,,execute,,,자동화 만들기
319,OFFICE01,please turn the heating off when I am away.,내가 자리에 없으면 난방 좀 꺼줘.,,execute,,,자동화 만들기
320,OFFICE05,could you put the meeting room lights into away mode once it gets dark outside?,바깥이 어두워지면 회의실 조명 외출 모드로 해줄 수 있어?,,ask,위치애매,회의실이 1층·2층에 있어 어느 곳인지 애매,자동화 만들기
321,OFFICE01,could you shut the lights off with one tap on the wall switch?,벽 스위치를 한 번 누르면 조명 전부 꺼줘.,,execute,,,자동화 만들기
322,OFFICE03,"When the camera starts recording, make sure the place is secure",카메라가 녹화를 시작하면 문단속 좀 해줘.,,execute,,,자동화 만들기
323,OFFICE03,"When the temperature goes above 26 degrees, start recording on the conference camera 2",온도가 26도를 넘으면 화상회의 카메라 2 녹화 시작해.,,ask,확인필요,녹화라 확인 필요,자동화 만들기
324,OFFICE06,Turn the pantry coffee maker off when I double-press the button,버튼이 연속 두 번 눌리면 팬트리 커피머신 꺼.,,execute,,,자동화 만들기
325,OFFICE05,"When the smoke detector goes off, switch all the lights on.",연기 감지기가 울리면 모든 조명 켜.,,execute,,,자동화 만들기
326,OFFICE05,can you bring the open space lights down to 30 percent at 8 pm on weekdays?,평일 오후 8시에 사무실 조명 밝기 30퍼센트로 낮춰줄래?,,execute,,,자동화 만들기
327,OFFICE03,please push me an alert once the meeting room is empty.,회의실이 비면 알림 띄워주세요.,,execute,,,자동화 만들기
328,OFFICE01,could you bring the meeting room lights down to 20 percent when I am close by?,내가 근처에 오면 회의실 조명 밝기 20퍼센트로 낮춰줄래?,,execute,,,자동화 만들기
329,OFFICE03,can you turn on the conference camera 2 when it gets hot outside?,바깥이 더워지면 화상회의 카메라 2 켜줄래?,,ask,확인필요,카메라를 켜는 건 감시라 확인 필요,자동화 만들기
330,OFFICE03,can you toggle the switch when it gets hot outside?,바깥이 더워지면 스위치 껐다 켜줄래?,,ask,위치애매,어느 스위치인지 애매,자동화 만들기
331,OFFICE02,could you set the lights to warm white if the smoke alarm sounds?,화재 경보가 울리면 조명 전부 전구색으로 바꿔줄래?,,execute,,,자동화 만들기
332,OFFICE06,Make all the lights pink when a new email arrives,새 메일이 오면 모든 조명 분홍색으로 해.,,refuse,감지불가,메일을 확인할 기기가 없음,자동화 만들기
333,OFFICE06,Make it cozy once it gets dark outside,바깥이 어두워지면 포근하게 해줘.,,execute,,,자동화 만들기
334,OFFICE06,can you make sure the entrance door lock is locked at 11 pm on weekdays?,평일 밤 11시에 현관 도어락 잠겼는지 봐줄래?,,execute,,,자동화 만들기
335,OFFICE05,could you light up the hallway lights if the switch is switched off?,스위치가 꺼지면 복도 조명 켜줄 수 있어?,,execute,,,자동화 만들기
336,OFFICE05,Make sure all the door locks are locked when I am away.,내가 자리에 없으면 모든 도어락 잠겼는지 봐줘.,,execute,,,자동화 만들기
337,OFFICE01,I'd like you to set the fan to high when the sun comes up.,해가 뜨면 선풍기 세게 틀어줘.,,execute,,,자동화 만들기
338,OFFICE06,could you dim all the lights to 20 percent if motion is detected in the meeting room?,회의실에서 움직임이 감지되면 모든 조명 밝기를 20퍼센트로 낮춰줄 수 있어?,,refuse,감지불가,회의실에 움직임 감지 센서 없음,자동화 만들기
339,OFFICE05,Tell me the state of the open space switches when I leave.,내가 퇴근할 때 사무실 스위치 상태 알려줘.,,execute,,,자동화 만들기
340,OFFICE05,I'd like you to let me hear it when I arrive.,내가 도착하면 들려줘.,,ask,동작애매,무엇을 들려줄지 애매,자동화 만들기
341,OFFICE01,"After I head out, tone it down a bit",내가 퇴근한 뒤에 좀 낮춰줘.,,ask,동작애매,무엇을 낮출지 애매,자동화 만들기
342,OFFICE06,please turn the open space lights red when today's first event begins.,오늘 첫 일정이 시작되면 사무실 조명 빨간색으로 좀 켜줘.,,execute,,,자동화 만들기
343,OFFICE01,can you change the open space lights to daylight white if my calendar says I am busy?,일정이 잡혀 있으면 사무실 조명 주광색으로 바꿔줄래?,,execute,,,자동화 만들기
344,OFFICE01,Turn the heating off when the open space is occupied,사무실에 사람이 있으면 난방 꺼.,,execute,,,자동화 만들기
345,OFFICE03,could you start recording on the conference camera 1 when someone shows up in the meeting room?,회의실에 누가 나타나면 화상회의 카메라 1 녹화 시작해줘.,,ask,확인필요,녹화라 확인 필요,자동화 만들기
346,OFFICE02,How much power is the switch using when today's first event begins.,오늘 첫 일정이 시작되면 스위치가 전력을 얼마나 쓰고 있는지 알려줘.,,refuse,감지불가,스위치에 전력 측정 기능 없음,자동화 만들기
347,OFFICE02,I'd like you to start the pantry coffee maker when the temperature goes above 26 degrees.,온도가 26도를 넘으면 팬트리 커피머신 켜줘.,,execute,,,자동화 만들기
348,OFFICE04,could you brew a cup on the pantry coffee maker if the temperature drops below 18 degrees?,온도가 18도 아래로 떨어지면 팬트리 커피머신으로 한 잔 내려줘.,,execute,,,자동화 만들기
349,OFFICE06,could you turn off all the switches when the camera starts recording?,카메라가 녹화를 시작하면 모든 스위치 꺼줄래?,,execute,,,자동화 만들기
350,OFFICE05,"After work hours, turn the hallway camera on.",퇴근 시간이 지나면 복도 카메라 켜.,,ask,확인필요,카메라를 켜는 건 감시라 확인 필요,자동화 만들기
351,OFFICE06,please stop recording on the camera when today's first event begins.,오늘 첫 일정이 시작되면 카메라 녹화 멈춰주세요.,,execute,,,자동화 만들기
352,OFFICE05,"Around sundown, light up the open space lights, then 5 minutes later turn it back off.","해질 무렵 사무실 조명 켜주고, 5분 뒤에 다시 꺼.",,execute,,,자동화 만들기
353,OFFICE02,"When the temperature goes above 24 degrees, turn on the fan, then 15 minutes later turn it back off.","온도가 24도를 넘으면 선풍기 켜주고, 15분 뒤에 다시 꺼.",,refuse,기기없음,선풍기 없음,자동화 만들기
354,OFFICE01,please run the pantry fan for 10 minutes while the temperature stays over 26 degrees.,온도가 26도를 계속 넘고 있으면 팬트리 선풍기를 10분 동안 돌려주세요.,,execute,,,자동화 만들기
355,OFFICE04,"When the temperature goes above 32 degrees, get some air moving while the door is open, and stop once that changes.","온도가 32도를 넘으면 문이 열려 있는 동안 환기해주고, 문이 닫히면 멈춰.",,refuse,감지불가,문 열림을 감지할 센서 없음,자동화 만들기
356,OFFICE01,Set the pantry fan to high while the temperature stays over 26 degrees,온도가 26도를 계속 넘고 있으면 팬트리 선풍기 세게 틀어.,,execute,,,자동화 만들기
357,OFFICE04,Turn the row 3 light daylight white while the temperature stays over 28 degrees,온도가 28도를 계속 넘고 있으면 3열 조명 주광색으로 켜.,,execute,,,자동화 만들기
358,OFFICE04,"At sunrise, if nobody is around right now, raise the blinds.",해 뜰 때 아무도 없으면 블라인드 올려.,,refuse,기기없음,블라인드 없음,자동화 만들기
359,OFFICE05,"When the sun comes up, pull the open space blinds shut, but only if nobody is around",해가 뜨면 아무도 없을 때만 사무실 블라인드 닫아.,,execute,,,자동화 만들기
360,OFFICE04,"At the start of my next event, wait 30 minutes and then I want to know when it changes.",다음 일정이 시작되면 30분 기다렸다가 상태가 바뀌면 알려줘.,,ask,동작애매,무엇의 상태인지 애매,자동화 만들기
361,OFFICE03,can you push me an alert while the temperature stays over 30 degrees?,온도가 30도를 계속 넘고 있으면 알림 띄워줄래?,,execute,,,자동화 만들기
362,OFFICE06,Turn the heating off while the temperature stays over 26 degrees,온도가 26도를 계속 넘고 있으면 난방 꺼.,,execute,,,자동화 만들기
363,OFFICE06,Turn the heating off while the temperature stays over 32 degrees,온도가 32도를 계속 넘고 있으면 난방 꺼.,,execute,,,자동화 만들기
364,OFFICE04,Take a snapshot with the camera when nothing has moved for 45 minutes,45분 동안 아무 움직임도 없으면 카메라로 사진 찍어.,,refuse,기기없음,카메라 없음,자동화 만들기
365,OFFICE06,Stop recording on the open space camera when nothing has moved for 10 minutes,10분 동안 아무 움직임도 없으면 사무실 카메라 녹화 멈춰.,,execute,,,자동화 만들기
366,OFFICE03,"After waiting 60 minutes, set a 30 minute timer.",60분 기다렸다가 30분 타이머 맞춰줘.,,agent,,,타이머
367,OFFICE05,"After 20 minutes, set a 30 minute timer",20분 뒤에 30분 타이머 맞춰줘.,,agent,,,타이머
368,OFFICE02,Cancel the timer 15 minutes from now,지금부터 15분 뒤에 타이머 취소해줘.,,agent,,,타이머
369,OFFICE04,Cancel the timer once the 10 minute timer runs out,10분 타이머가 끝나면 타이머 취소해줘.,,agent,,,타이머
370,OFFICE06,Cancel the timer 45 minutes from now,지금부터 45분 뒤에 타이머 취소해줘.,,agent,,,타이머
371,OFFICE01,could you start a countdown for 15 minutes after 10 minutes?,10분 뒤에 15분 카운트다운 시작해줄 수 있어?,,agent,,,타이머
372,OFFICE03,"Once the door has been open for 30 minutes, change all the lights to blue",문이 30분 동안 열려 있으면 모든 조명 파란색으로 바꿔.,,execute,,,자동화 만들기
373,OFFICE04,Light up all the lights once the 20 minute timer runs out,20분 타이머가 끝나면 모든 조명 켜.,,execute,,,자동화 만들기
374,OFFICE01,could you light up all the lights after waiting 60 minutes?,60분 기다렸다가 모든 조명 켜줄 수 있어?,,execute,,,자동화 만들기
375,OFFICE05,I'd like you to run the fan for 3 minutes 15 minutes from now.,지금부터 15분 뒤에 선풍기를 3분 동안 돌려줘.,,refuse,기기없음,선풍기 없음,자동화 만들기
376,OFFICE05,could you get some air moving after 20 minutes?,20분 뒤에 환기해줄래?,,execute,,,자동화 만들기
377,OFFICE04,please run the pantry fan for 30 minutes 5 minutes from now.,지금부터 5분 뒤에 팬트리 선풍기를 30분 동안 돌려주세요.,,execute,,,자동화 만들기
378,OFFICE01,"45 minutes from now, run the pantry fan for 45 minutes, but only if the printer paper is below half.",지금부터 45분 뒤에 프린터 용지가 절반 아래일 때만 팬트리 선풍기를 45분 동안 돌려.,,execute,,,자동화 만들기
379,OFFICE05,Play a chime on the open space speaker while nobody is around,아무도 없는 동안 사무실 스피커로 알림음 울려.,,execute,,,자동화 만들기
380,OFFICE05,I'd like you to lock the door lock while I am on a call.,회의가 시작되면 현관 도어락 잠가줘.,,execute,,,자동화 만들기
381,OFFICE03,"While someone is in the entrance, get all the lights on",현관에 사람이 있는 동안 모든 조명 켜.,,execute,,,자동화 만들기
382,OFFICE01,I'd like you to switch all the lights on while someone is in the pantry.,팬트리에 사람이 있는 동안 모든 조명 켜줘.,,refuse,감지불가,팬트리에 사람 감지 센서 없음,자동화 만들기
383,OFFICE03,can you push me an alert while the camera is recording?,카메라가 녹화 중인 동안 알림 띄워줄래?,,execute,,,자동화 만들기
384,OFFICE02,please send me a notification when the carbon dioxide in the meeting room goes up.,회의실 이산화탄소가 높아지면 알림 보내주세요.,,execute,,,자동화 만들기
385,OFFICE06,"When the entrance door opens, set a calm tone but only if the temperature is under 18 degrees.",현관문이 열리면 온도가 18도 아래일 때만 차분한 톤으로 맞춰줘.,,execute,,,자동화 만들기
386,OFFICE05,"When I leave, if the temperature is under 18 degrees right now, turn off all the lights",내가 나갈 때 온도가 18도 아래면 모든 조명 꺼.,,execute,,,자동화 만들기
387,OFFICE06,could you lock the entrance door lock while the camera is recording?,카메라가 녹화 중인 동안 현관 도어락 잠가줘.,,execute,,,자동화 만들기
388,OFFICE01,"After I head out, wait 10 minutes and then give me a heads-up.",내가 퇴근한 뒤에 10분 기다렸다가 꼭 알려줘.,,execute,,,자동화 만들기
389,OFFICE02,Tell me about it while nobody is around,아무도 없는 동안 알려줘.,,execute,,,자동화 만들기
390,OFFICE05,can you close the blinds while the camera is recording?,카메라가 녹화 중인 동안 블라인드 전부 닫아줄래?,,execute,,,자동화 만들기
391,OFFICE03,can you make it cozy in here while the temperature stays over 30 degrees?,온도가 30도를 계속 넘고 있으면 여기 아늑하게 해줄래?,,ask,위치애매,"어느 공간인지, 어떻게 할지 애매",자동화 만들기
392,OFFICE05,"If the switch is switched off, if the printer toner is under 20 percent right now, set the lights to orange.",스위치가 꺼질 때 프린터 토너가 20퍼센트 아래면 조명 전부 주황색으로 바꿔.,,execute,,,자동화 만들기
393,OFFICE06,please turn the lights amber once the 30 minute timer runs out.,30분 타이머가 끝나면 조명 전부 주황색으로 좀 켜줘.,,execute,,,자동화 만들기
394,OFFICE02,"Once I am back, brew a cup on the coffee maker, but only if the door is open.",내가 돌아오면 문이 열려 있을 때만 커피머신으로 한 잔 내려.,,refuse,감지불가,문 열림을 감지할 센서 없음,자동화 만들기
395,OFFICE05,please take a snapshot with all the cameras 15 minutes from now.,지금부터 15분 뒤에 모든 카메라로 사진 좀 찍어줘.,,ask,확인필요,촬영이라 확인 필요,자동화 만들기
396,OFFICE02,please kill the row 2 light while I am on a call.,회의가 시작되면 2열 조명 꺼주세요.,,execute,,,자동화 만들기
397,OFFICE02,Shut everything down in here while nobody is around,아무도 없는 동안 여기 다 꺼줘.,,ask,확인필요,"어느 공간인지 애매, 다 끄는 동작이라 확인 필요",자동화 만들기
398,OFFICE04,can you make it less warm after 21 minutes?,21분 뒤에 덜 덥게 해줄래?,,execute,,,자동화 만들기
399,OFFICE06,I'd like you to switch the lights off 5 minutes from now.,지금부터 5분 뒤에 조명 전부 꺼줘.,,execute,,,자동화 만들기
400,OFFICE01,"If my calendar says I am busy, wait 20 minutes and then make it cozy in here.",일정이 잡혀 있으면 20분 기다렸다가 여기 아늑하게 해줘.,,ask,위치애매,"어느 공간인지, 어떻게 할지 애매",자동화 만들기
401,OFFICE06,could you shut the open space lights off once the door has been open for 3 minutes?,문이 3분 동안 열려 있으면 사무실 조명 꺼줄 수 있어?,,execute,,,자동화 만들기
402,OFFICE01,can you turn the pantry coffee maker off while the temperature stays over 30 degrees?,온도가 30도를 계속 넘고 있으면 팬트리 커피머신 꺼줄래?,,execute,,,자동화 만들기
403,OFFICE01,can you set the lights to the meeting scene after 45 minutes?,45분 뒤에 조명 회의 모드로 해줄래?,,execute,,,자동화 만들기
404,OFFICE02,"please put the row 6 light on, but only if it is dark outside.",바깥이 어두울 때만 6열 조명 좀 켜줘.,,execute,,,자동화 만들기
405,OFFICE05,Wait 30 minutes and then bring the open space lights down to 30 percent,30분 기다렸다가 사무실 조명 밝기 30퍼센트로 낮춰.,,execute,,,자동화 만들기
406,OFFICE02,"Keep this place bright while someone is in the office, and turn the lights off when they leave","사무실에 사람이 있으면 밝게 유지해주고, 사람이 나가면 불을 꺼줘.",,execute,,,자동화 만들기
407,OFFICE02,Keep checking and play some music on the TV for as long as the door is open,문이 열려 있는 동안 계속 TV로 음악 좀 틀어.,,refuse,기기없음,TV 없음,자동화 만들기
408,OFFICE02,Keep checking and shut everything down in here for as long as the room is too warm.,사무실이 더운 동안 계속 여기 다 꺼줘.,,ask,확인필요,"어느 공간인지 애매, 다 끄는 동작이라 확인 필요",자동화 만들기
409,OFFICE06,"please send me the entrance temperature, but only if it is dark outside.",바깥이 어두울 때만 현관 온도 알려줘.,,refuse,감지불가,현관에 온도 센서 없음,자동화 만들기
410,OFFICE02,Wait 5 minutes and then I want to know when it changes.,5분 기다렸다가 상태가 바뀌면 알려줘.,,ask,동작애매,무엇의 상태인지 애매,자동화 만들기
411,OFFICE05,"If the printer paper is below half right now, send me the open space temperature",프린터 용지가 절반 아래면 사무실 온도 알려줘.,,execute,,,자동화 만들기
412,OFFICE01,"Every day at 6 am, close all the blinds if the temperature is 30 degrees or above.",매일 오전 6시에 온도가 30도 이상이면 블라인드 전부 내려줘.,,execute,,,자동화 만들기
413,OFFICE02,"If nobody is around right now, make sure the place is secure.",아무도 없으면 문단속 좀 해줘.,,execute,,,자동화 만들기
414,OFFICE05,Keep the ventilation running while the humidity is over 60 percent.,습도가 60퍼센트를 넘는 동안 계속 환기해줘.,,execute,,,자동화 만들기
415,OFFICE03,"please set the fan to high, but only if it is dark outside.",바깥이 어두울 때만 선풍기 세게 틀어주세요.,,refuse,기기없음,선풍기 없음,자동화 만들기
416,OFFICE01,"If the window is open right now, turn the pantry coffee maker off",창문이 열려 있으면 팬트리 커피머신 꺼.,,execute,,,자동화 만들기
417,OFFICE02,Wait 5 minutes and then start the pantry coffee maker.,5분 기다렸다가 팬트리 커피머신 켜.,,execute,,,자동화 만들기
418,OFFICE02,"please put the row 2 light on, but only if someone is in the room.",사무실에 사람이 있을 때만 2열 조명 좀 켜줘.,,execute,,,자동화 만들기
419,OFFICE04,"From 9 am to 6 pm, check the carbon dioxide level every 30 minutes and ventilate if it is high.",오전 9시부터 오후 6시까지 30분마다 이산화탄소 농도 확인해서 높으면 환기해줘.,,execute,,,자동화 만들기
420,OFFICE03,Wait 30 minutes and then let me know whether anyone is in the meeting room,30분 기다렸다가 회의실에 사람 있는지 알려줘.,,execute,,,자동화 만들기
421,OFFICE01,Wait 20 minutes and then run the pantry fan for 45 minutes.,20분 기다렸다가 팬트리 선풍기를 45분 동안 돌려.,,execute,,,자동화 만들기
422,OFFICE04,Keep checking and shut everything down in here for as long as nobody is around.,아무도 없는 동안 계속 여기 다 꺼줘.,,refuse,감지불가,사람이 있는지 알 방법이 없음,자동화 만들기
423,OFFICE06,"When I double-press the button, check every 20 minutes and run the meeting scene on the lights if the printer is running.",버튼이 연속 두 번 눌리면 20분마다 확인해서 프린터가 돌고 있을 때 조명 회의 모드 실행해.,,execute,,,자동화 만들기
424,OFFICE06,"Wait up to 30 minutes to see if it is dark outside; if not, run the reading scene on the lights",30분 동안 바깥이 어두워지지 않으면 조명 독서 모드 실행해.,,execute,,,자동화 만들기
425,OFFICE05,"Wait up to 30 minutes to see if the door is open; if not, put the open space lights into morning mode.",30분 동안 문이 열리지 않으면 사무실 조명 아침 모드로 해.,,execute,,,자동화 만들기
426,OFFICE06,"With a single press of the button, check every 5 minutes and turn the lights up to 90 percent if the room is too warm.",버튼을 한 번 누르면 5분마다 확인해서 사무실이 더울 때 조명 전부 밝기 90퍼센트로 올려.,,execute,,,자동화 만들기
427,OFFICE05,"Wait up to 20 minutes to see if the temperature is under 18 degrees; if not, turn the lights up to 85 percent.",20분 동안 온도가 18도 아래로 내려가지 않으면 조명 전부 밝기 85퍼센트로 올려.,,execute,,,자동화 만들기
428,OFFICE05,"Wait up to 10 minutes to see if the printer toner is under 20 percent; if not, turn on the open space lights",10분 동안 프린터 토너가 20퍼센트 아래로 내려가지 않으면 사무실 조명 켜.,,execute,,,자동화 만들기
429,OFFICE03,"Once it gets dark outside, check every 10 minutes and get the meeting room 2 light on if the room is too warm",바깥이 어두워지면 10분마다 확인해서 사무실이 더울 때 회의실 2 조명 켜.,,execute,,,자동화 만들기
430,OFFICE01,"If someone stays in the room for 10 minutes, send me a notification",10분 동안 계속 사람이 있으면 알림 보내줘.,,execute,,,자동화 만들기
431,OFFICE04,"On Thursday at 10 pm, tell me about it every 10 minutes for the next 2 hours",목요일 밤 10시에 앞으로 2시간 동안 10분마다 알려줘.,,execute,,,자동화 만들기
432,OFFICE01,"Wait up to 15 minutes to see if the printer toner is under 20 percent; if not, light up the lights",15분 동안 프린터 토너가 20퍼센트 아래로 내려가지 않으면 조명 전부 켜.,,execute,,,자동화 만들기
433,OFFICE06,"Wait up to 10 minutes to see if the window is open; if not, get all the lights on",10분 동안 창문이 열리지 않으면 모든 조명 켜.,,refuse,기기없음,창문 기기가 없음 (블라인드만 있음),자동화 만들기
434,OFFICE06,"Wait up to 15 minutes to see if the printer paper is under 20 percent; if not, light up all the lights.",15분 동안 프린터 용지가 20퍼센트 아래로 내려가지 않으면 모든 조명 켜.,,execute,,,자동화 만들기
435,OFFICE02,"While the temperature stays over 30 degrees, run the fan for 60 minutes every 90 minutes.",온도가 30도를 계속 넘고 있으면 90분마다 선풍기를 60분 동안 돌려.,,refuse,기기없음,선풍기 없음,자동화 만들기
436,OFFICE04,"While the temperature stays over 28 degrees, run the pantry fan for 15 minutes every 20 minutes.",온도가 28도를 계속 넘고 있으면 20분마다 팬트리 선풍기를 15분 동안 돌려.,,execute,,,자동화 만들기
437,OFFICE04,"If the temperature drops below 18 degrees, check every 10 minutes and turn the lights warm white if the window is open",온도가 18도 아래로 떨어지면 10분마다 확인해서 창문이 열려 있을 때 조명 전부 전구색으로 켜.,,refuse,기기없음,창문 기기가 없음 (블라인드만 있음),자동화 만들기
438,OFFICE04,"Wait up to 30 minutes to see if the printer is running; if not, turn the lights red.",30분 동안 프린터가 돌지 않으면 조명 전부 빨간색으로 켜.,,execute,,,자동화 만들기
439,OFFICE05,"Wait up to 15 minutes to see if someone is in the room; if not, change the lights to green.",15분 동안 사무실에 사람이 오지 않으면 조명 전부 초록색으로 바꿔.,,execute,,,자동화 만들기
440,OFFICE02,"Wait up to 20 minutes to see if the room is too warm; if not, raise the open space blinds",20분 동안 사무실이 더워지지 않으면 사무실 블라인드 올려.,,execute,,,자동화 만들기
441,OFFICE05,"Wait up to 5 minutes to see if it is dark outside; if not, let me know.",5분 동안 바깥이 어두워지지 않으면 알려줘.,,execute,,,자동화 만들기
442,OFFICE01,"Once the window is open, send me a notification every 15 minutes.",창문이 열려 있으면 15분마다 알림 보내줘.,,execute,,,자동화 만들기
443,OFFICE02,"Wait up to 15 minutes to see if the door is open; if not, change the lights to amber",15분 동안 문이 열리지 않으면 조명 전부 주황색으로 바꿔.,,refuse,감지불가,문 열림을 감지할 센서 없음,자동화 만들기
444,OFFICE04,"Wait up to 15 minutes to see if the printer paper is below half; if not, turn the heating off",15분 동안 프린터 용지가 절반 아래로 내려가지 않으면 난방 꺼.,,refuse,기기없음,난방기 없음,자동화 만들기
445,OFFICE06,"Once the room is too warm, take a snapshot with the open space camera every 30 minutes.",사무실이 너무 더우면 30분마다 사무실 카메라로 사진 찍어.,,ask,확인필요,촬영이라 확인 필요,자동화 만들기
446,OFFICE03,"Wait up to 5 minutes to see if someone is in the room; if not, set the light to amber.",5분 동안 사무실에 사람이 오지 않으면 조명 주황색으로 바꿔.,,execute,,,자동화 만들기
447,OFFICE01,"At 9 am, check every 30 minutes and change the light to red if the temperature is under 18 degrees",오전 9시에 30분마다 확인해서 온도가 18도 아래일 때 조명 빨간색으로 바꿔.,,ask,위치애매,어느 공간 조명인지 애매,자동화 만들기
448,OFFICE01,"When the door closes, check every 10 minutes and close the blinds if the room is too warm.",문이 닫히면 10분마다 확인해서 사무실이 더울 때 블라인드 내려.,,execute,,,자동화 만들기
449,OFFICE01,"Once the window is open, run the pantry fan for 2 minutes every 20 minutes.",창문이 열려 있으면 20분마다 팬트리 선풍기를 2분 동안 돌려.,,execute,,,자동화 만들기
450,OFFICE06,"When the entrance door opens, push me an alert every 10 minutes for the next 2 hours.",현관문이 열리면 앞으로 2시간 동안 10분마다 알림 띄워줘.,,execute,,,자동화 만들기
451,OFFICE03,"While someone is in the entrance, say it out loud on the meeting room speaker every 30 minutes until the window is open",현관에 사람이 있는 동안 창문이 열릴 때까지 30분마다 회의실 스피커로 소리 내서 알려.,,refuse,기기없음,창문 기기가 없음 (블라인드만 있음),자동화 만들기
452,OFFICE06,"When I arrive, repeat this 3 times: toggle the entrance switch, then wait 10 minutes",내가 도착하면 현관 스위치 껐다 켜고 10분 쉬는 걸 3번 반복해줘.,,execute,,,자동화 만들기
453,OFFICE01,"When it gets hot outside, check every 20 minutes and switch the meeting room lights on if the room is too warm.",바깥이 더워지면 20분마다 확인해서 사무실이 더울 때 회의실 조명 켜.,,execute,,,자동화 만들기
454,OFFICE04,"When it starts raining, check every 5 minutes and set the row 5 light to orange if someone is in the room.",비가 오기 시작하면 5분마다 확인해서 사무실에 사람이 있을 때 5열 조명 주황색으로 바꿔.,,refuse,감지불가,날씨 정보와 사람 감지 센서가 모두 없음,자동화 만들기
455,OFFICE03,"Wait up to 20 minutes to see if nobody is around; if not, turn the meeting room 1 light blue.",20분 동안 계속 사람이 있으면 회의실 1 조명 파란색으로 켜.,,execute,,,자동화 만들기
456,OFFICE04,"Wait up to 15 minutes to see if the printer toner is under 20 percent; if not, pull the blinds shut",15분 동안 프린터 토너가 20퍼센트 아래로 내려가지 않으면 블라인드 닫아.,,refuse,기기없음,블라인드 없음,자동화 만들기
457,OFFICE06,"When nothing has moved for 2 minutes, check every 20 minutes and change the meeting room lights to blue if the printer paper is below half",2분 동안 아무 움직임도 없으면 20분마다 확인해서 프린터 용지가 절반 아래일 때 회의실 조명 파란색으로 바꿔.,,execute,,,자동화 만들기
458,OFFICE02,"At sunrise, toggle the switch every 20 minutes.",해 뜰 때 20분마다 스위치 껐다 켜.,,ask,위치애매,어느 스위치인지 애매,자동화 만들기
459,OFFICE06,"Wait up to 20 minutes to see if the humidity is over 60 percent; if not, turn the heating up to 23.",20분 동안 습도가 60퍼센트를 넘지 않으면 난방 23도로 올려.,,refuse,감지불가,습도 센서 없음,자동화 만들기
460,OFFICE03,"Once the printer hits an error, turn on the meeting room 4 light every 30 minutes until the temperature is under 18 degrees.",프린터에 오류가 나면 온도가 18도 아래로 내려갈 때까지 30분마다 회의실 4 조명 켜.,,execute,,,자동화 만들기
461,OFFICE04,"As soon as I arrive, check every 30 minutes and change the open space lights to amber if the door is open.",내가 도착하자마자 30분마다 확인해서 문이 열려 있을 때 사무실 조명 주황색으로 바꿔.,,refuse,감지불가,"내가 도착했는지, 문이 열렸는지 알 수 없음",자동화 만들기
462,OFFICE04,"Wait up to 5 minutes to see if the temperature is under 18 degrees; if not, dim the lights to 30 percent.",5분 동안 온도가 18도 아래로 내려가지 않으면 조명 전부 밝기를 30퍼센트로 낮춰.,,execute,,,자동화 만들기
463,OFFICE06,"When I am close by, check every 20 minutes and put the open space air conditioner on cool if it is dark outside",내가 근처에 오면 20분마다 확인해서 바깥이 어두울 때 사무실 에어컨 냉방으로 해.,,execute,,,자동화 만들기
464,OFFICE01,"When I am away, check every 5 minutes and put the air conditioner on cool if the room is too warm.",내가 자리에 없으면 5분마다 확인해서 사무실이 더울 때 에어컨 냉방으로 해.,,execute,,,자동화 만들기
465,OFFICE02,"When someone comes in the entrance, check every 5 minutes and close all the blinds if it is dark outside.",현관에 사람이 들어오면 5분마다 확인해서 바깥이 어두울 때 모든 블라인드 닫아.,,execute,,,자동화 만들기
466,OFFICE06,"Every day at 10:30 pm, brew a cup on the pantry coffee maker every 20 minutes",매일 밤 10시 30분에 20분마다 팬트리 커피머신으로 한 잔 내려.,,execute,,,자동화 만들기
467,OFFICE05,"Wait up to 5 minutes to see if the door is open; if not, turn off the open space lights.",5분 동안 문이 열리지 않으면 사무실 조명 꺼.,,execute,,,자동화 만들기
468,OFFICE03,"When the entrance door opens, check every 10 minutes and switch the lights to the meeting scene if the printer paper is below half.",현관 문이 열리면 10분마다 확인해서 프린터 용지가 절반 아래일 때 조명 전부 회의 모드로 바꿔.,,execute,,,자동화 만들기
469,OFFICE06,"When the pantry door opens, check every 20 minutes and set the lights to the relax scene if the printer paper is under 20 percent",현관문이 열리면 20분마다 확인해서 프린터 용지가 20퍼센트 아래일 때 조명 휴식 모드로 해.,,execute,,,자동화 만들기
470,OFFICE06,"Once the window is open, brew a cup on the pantry coffee maker every 30 minutes",창문이 열려 있으면 30분마다 팬트리 커피머신으로 한 잔 내려.,,refuse,기기없음,창문 기기가 없음 (블라인드만 있음),자동화 만들기
471,OFFICE05,"Once the switch has been on for 15 minutes, show it on the screen every 10 minutes until the temperature is under 18 degrees.",스위치가 15분 동안 켜져 있으면 온도가 18도 아래로 내려갈 때까지 10분마다 화면에 띄워줘.,,execute,,,자동화 만들기
472,OFFICE05,"Wait up to 15 minutes to see if the printer paper is below half; if not, run the focus scene on the lights",15분 동안 프린터 용지가 절반 아래로 내려가지 않으면 조명 집중 모드 실행해.,,execute,,,자동화 만들기
473,OFFICE01,Check every 15 minutes and light up the lights if the window is open,15분마다 확인해서 창문이 열려 있으면 조명 전부 켜.,,execute,,,자동화 만들기
474,OFFICE03,"Wait up to 10 minutes to see if the printer toner is under 20 percent; if not, turn the meeting room 3 light up to 70 percent",10분 동안 프린터 토너가 20퍼센트 아래로 내려가지 않으면 회의실 3 조명 밝기 70퍼센트로 올려.,,execute,,,자동화 만들기
475,OFFICE02,"Wait up to 10 minutes to see if the printer is running; if not, turn the row 1 light up to 75 percent.",10분 동안 프린터가 돌지 않으면 1열 조명 밝기 75퍼센트로 올려.,,execute,,,자동화 만들기
476,OFFICE03,Check every 30 minutes and dim the meeting room 2 light to 10 percent if the door is open.,30분마다 확인해서 문이 열려 있으면 회의실 2 조명 밝기를 10퍼센트로 낮춰.,,execute,,,자동화 만들기
477,OFFICE01,"Wait up to 15 minutes to see if it is dark outside; if not, light up the open space lights",15분 동안 바깥이 어두워지지 않으면 사무실 조명 켜.,,execute,,,자동화 만들기
478,OFFICE01,"Wait up to 15 minutes to see if the room is too warm; if not, change the light to purple.",15분 동안 사무실이 더워지지 않으면 조명 보라색으로 바꿔.,,execute,,,자동화 만들기
479,OFFICE01,"Wait up to 30 minutes to see if the room is too warm; if not, light up the light.",30분 동안 사무실이 더워지지 않으면 조명 켜.,,execute,,,자동화 만들기
480,OFFICE02,Check every 30 minutes and switch the open space lights on if the printer paper is below half.,30분마다 확인해서 프린터 용지가 절반 아래면 사무실 조명 켜.,,execute,,,자동화 만들기
481,OFFICE05,"Wait up to 15 minutes to see if the humidity is over 60 percent; if not, turn the meeting room lights purple",15분 동안 습도가 60퍼센트를 넘지 않으면 회의실 조명 보라색으로 켜.,,ask,위치애매,회의실이 1층·2층에 있어 어느 곳인지 애매,자동화 만들기
482,OFFICE05,Check every 5 minutes and switch the open space lights on if the printer paper is below half.,5분마다 확인해서 프린터 용지가 절반 아래면 사무실 조명 켜.,,execute,,,자동화 만들기
483,OFFICE05,Check every 5 minutes and switch the open space lights on if someone is in the room.,5분마다 확인해서 사무실에 사람이 있으면 사무실 조명 켜.,,execute,,,자동화 만들기
484,OFFICE04,"Wait up to 30 minutes to see if the temperature is under 18 degrees; if not, make the open space lights pink",30분 동안 온도가 18도 아래로 내려가지 않으면 사무실 조명 분홍색으로 해.,,execute,,,자동화 만들기
485,OFFICE04,"Wait up to 5 minutes to see if the printer paper is below half; if not, switch the open space lights on.",5분 동안 프린터 용지가 절반 아래로 내려가지 않으면 사무실 조명 켜.,,execute,,,자동화 만들기
486,OFFICE05,Check every 15 minutes and change the open space lights to purple if the printer is running,15분마다 확인해서 프린터가 돌고 있으면 사무실 조명 보라색으로 바꿔.,,execute,,,자동화 만들기
487,OFFICE03,"Wait up to 15 minutes to see if the room is too warm; if not, set the volume on the TV to 40",15분 동안 사무실이 더워지지 않으면 TV 볼륨 40으로 맞춰.,,refuse,기기없음,TV 없음 (회의실 디스플레이만 있음),자동화 만들기
488,OFFICE02,Check every 30 minutes and toggle the switch if the door is open.,30분마다 확인해서 문이 열려 있으면 스위치 껐다 켜.,,refuse,감지불가,문 열림을 감지할 센서 없음,자동화 만들기
489,OFFICE04,Check every 30 minutes and ping me when the printer finishes if someone is in the room.,30분마다 확인해서 사무실에 사람이 있을 때 프린터 끝나면 알려줘.,,refuse,감지불가,사람이 있는지 알 방법이 없음,자동화 만들기
490,OFFICE04,"Wait up to 5 minutes to see if the temperature is under 18 degrees; if not, text me the humidity in the entrance",5분 동안 온도가 18도 아래로 내려가지 않으면 현관 습도 문자로 보내줘.,,refuse,보낼수단없음,현관에 습도 센서가 없고 문자 보낼 기기도 없음,자동화 만들기
491,OFFICE04,Check every 10 minutes and send me the pantry temperature if the room is too warm.,10분마다 확인해서 사무실이 너무 더우면 팬트리 온도 알려줘.,,refuse,감지불가,팬트리에 온도 센서 없음,자동화 만들기
492,OFFICE01,Check every 15 minutes and raise the blind if the temperature is under 18 degrees.,15분마다 확인해서 온도가 18도 아래면 블라인드 올려.,,execute,,,자동화 만들기
493,OFFICE05,Check every 10 minutes and lower the open space blinds to 20 percent if the printer is running.,10분마다 확인해서 프린터가 돌고 있으면 사무실 블라인드 20퍼센트까지 내려.,,execute,,,자동화 만들기
494,OFFICE02,Check every 15 minutes and make sure the door lock is locked if the printer paper is under 20 percent,15분마다 확인해서 프린터 용지가 20퍼센트 아래면 도어락 잠겼는지 봐줘.,,execute,,,자동화 만들기
495,OFFICE04,"Wait up to 5 minutes to see if someone is in the room; if not, unlock the door lock",5분 동안 사무실에 사람이 오지 않으면 도어락 열어.,,refuse,위험,사람이 없을 때 문을 여는 건 위험,자동화 만들기
496,OFFICE03,could you run the fan for 2 minutes every 20 minutes until the door is open?,문이 열릴 때까지 20분마다 선풍기를 2분 동안 돌려줄래?,,refuse,기기없음,선풍기 없음,자동화 만들기
497,OFFICE01,Check every 60 minutes and run the fan for 30 minutes if the door is open,60분마다 확인해서 문이 열려 있으면 선풍기를 30분 동안 돌려.,,execute,,,자동화 만들기
498,OFFICE01,"Wait up to 30 minutes to see if someone is in the room; if not, run the pantry fan for 30 minutes",30분 동안 사무실에 사람이 오지 않으면 팬트리 선풍기를 30분 동안 돌려.,,execute,,,자동화 만들기
499,OFFICE04,"Once the printer toner is under 20 percent, run the pantry fan for 2 minutes every 5 minutes.",프린터 토너가 20퍼센트 아래면 5분마다 팬트리 선풍기를 2분 동안 돌려.,,execute,,,자동화 만들기
500,OFFICE05,"Wait up to 20 minutes to see if someone is in the room; if not, what is the temperature in the hallway.",20분 동안 사무실에 사람이 오지 않으면 복도 온도 알려줘.,,refuse,감지불가,복도에 온도 센서 없음,자동화 만들기
501,OFFICE02,Tell me every 10 minutes whether the entrance door is open,10분마다 현관문 열려 있는지 알려줘.,,refuse,감지불가,문 열림 센서 없음,자동화 만들기
502,OFFICE01,could you start a countdown for 5 minutes every 30 minutes?,30분마다 5분 카운트다운 시작해줄래?,,agent,,,타이머
503,OFFICE04,could you start a countdown for 60 minutes every 90 minutes?,90분마다 60분 카운트다운 시작해줄 수 있어?,,agent,,,타이머
504,OFFICE05,"Repeat this 3 times: toggle the switch, then wait 10 minutes.",스위치 껐다 켜고 10분 쉬는 걸 3번 반복해줘.,,ask,위치애매,어느 스위치인지 애매,기기 제어
505,OFFICE03,"Wait up to 30 minutes to see if the humidity is over 60 percent; if not, raise the blinds.",30분 동안 습도가 60퍼센트를 넘지 않으면 블라인드 올려.,,refuse,기기없음,습도 센서와 블라인드가 모두 없음,자동화 만들기
506,OFFICE02,can you brew a cup on the coffee maker every 30 minutes?,30분마다 커피머신으로 한 잔 내려줄래?,,execute,,,자동화 만들기
507,OFFICE03,"Repeat this 3 times: take a snapshot with all the cameras, then wait 10 minutes.",모든 카메라로 사진 찍고 10분 쉬는 걸 3번 반복해줘.,,ask,확인필요,촬영이라 확인 필요,기기 제어
508,OFFICE05,Check every 30 minutes and put the lights on if it is dark outside.,30분마다 확인해서 바깥이 어두우면 조명 전부 켜.,,execute,,,자동화 만들기
509,OFFICE03,"Wait up to 10 minutes to see if someone comes into the room; if not, lock the entrance door lock",10분 동안 사무실에 사람이 오지 않으면 현관 도어락 잠가.,,execute,,,자동화 만들기
510,OFFICE02,"Wait up to 10 minutes to see if the temperature is under 18 degrees; if not, close the blinds.",10분 동안 온도가 18도 아래로 내려가지 않으면 블라인드 닫아.,,execute,,,자동화 만들기
511,OFFICE04,could you brew a cup on the coffee maker every 10 minutes?,10분마다 커피머신으로 한 잔 내려줄래?,,execute,,,자동화 만들기
512,OFFICE06,please brew a cup on the coffee maker every 10 minutes until it is dark outside.,바깥이 어두워질 때까지 10분마다 커피머신으로 한 잔 내려주세요.,,execute,,,자동화 만들기
513,OFFICE01,could you brew a cup on the coffee maker every 15 minutes for the next 4 hours?,앞으로 4시간 동안 15분마다 커피머신으로 한 잔 내려줘.,,execute,,,자동화 만들기
514,OFFICE06,Check every 15 minutes and brew a cup on the pantry coffee maker if it is dark outside,15분마다 확인해서 바깥이 어두우면 팬트리 커피머신으로 한 잔 내려.,,execute,,,자동화 만들기
515,OFFICE05,Check every 10 minutes and lower the blinds to 50 percent if it is dark outside.,10분마다 확인해서 바깥이 어두우면 블라인드 전부 50퍼센트까지 내려.,,execute,,,자동화 만들기
516,OFFICE02,Run the fan for 60 minutes every 90 minutes until the printer toner is under 20 percent.,프린터 토너가 20퍼센트 아래로 내려갈 때까지 90분마다 선풍기를 60분 동안 돌려.,,refuse,기기없음,선풍기 없음,자동화 만들기
517,OFFICE01,"Repeat this 3 times: run the fan for 45 minutes, then wait 15 minutes.",선풍기를 45분 동안 돌려주고 15분 쉬는 걸 3번 반복해.,,execute,,,자동화 만들기
518,OFFICE02,Check every 30 minutes and run the fan for 20 minutes if the printer is running,30분마다 확인해서 프린터가 돌고 있으면 선풍기를 20분 동안 돌려.,,refuse,기기없음,선풍기 없음,자동화 만들기
519,OFFICE01,Check every 5 minutes and take a snapshot with the camera if the window is open.,5분마다 확인해서 창문이 열려 있으면 카메라로 사진 찍어.,,refuse,기기없음,카메라 없음,자동화 만들기
520,OFFICE04,"Wait up to 30 minutes to see if someone is in the room; if not, close the blinds",30분 동안 사무실에 사람이 오지 않으면 블라인드 닫아.,,refuse,기기없음,블라인드와 사람 감지 센서가 모두 없음,자동화 만들기
521,OFFICE02,"If my calendar says I am busy, count how many times it happens and push me an alert once it passes 3.",일정이 잡힐 때마다 세다가 3번을 넘으면 알림 띄워줘.,,execute,,,자동화 만들기
522,OFFICE04,"Wait until the printer paper is below half, then give me a heads-up every 10 minutes for 2 hours.",프린터 용지가 절반 아래로 내려갈 때까지 기다렸다가 2시간 동안 10분마다 꼭 알려줘.,,execute,,,자동화 만들기
523,OFFICE06,"please tell me about it every 15 minutes while it is dark outside, and stop after 6 hours.","바깥이 어두운 동안 15분마다 알려주고, 6시간 뒤에는 멈춰주세요.",,execute,,,자동화 만들기
524,OFFICE01,"Wait until the printer paper is below half, then show it on the screen every 30 minutes for 5 hours",프린터 용지가 절반 아래로 내려갈 때까지 기다렸다가 5시간 동안 30분마다 화면에 띄워줘.,,execute,,,자동화 만들기
525,OFFICE05,"Wait until the room is too warm, then show it on the screen every 30 minutes for 3 hours.",사무실이 더워질 때까지 기다렸다가 3시간 동안 30분마다 화면에 띄워줘.,,execute,,,자동화 만들기
526,OFFICE02,"Wait until the room is too warm, then play a chime on the open space speaker every 30 minutes for 6 hours",사무실이 더워질 때까지 기다렸다가 6시간 동안 30분마다 사무실 스피커로 알림음 울려.,,execute,,,자동화 만들기
527,OFFICE06,"please push me an alert every 30 minutes while the door is open, and stop after 4 hours.","문이 열려 있는 동안 30분마다 알림 띄워주고, 4시간 뒤에는 멈춰주세요.",,execute,,,자동화 만들기
528,OFFICE06,Count how many times motion is detected in the open space and turn the heating off once it passes 6,사무실에서 움직임이 감지될 때마다 세다가 6번을 넘으면 난방 꺼.,,execute,,,자동화 만들기
529,OFFICE06,"If the temperature drops below 18 degrees, if it is lower than it was an hour ago, turn the open space air conditioner off.",온도가 18도 아래로 떨어질 때 그게 한 시간 전보다 낮으면 사무실 에어컨 꺼.,,execute,,,자동화 만들기
530,OFFICE02,"please brew a cup on the coffee maker every 30 minutes while the window is open, and stop after 6 hours.","창문이 열려 있는 동안 30분마다 커피머신으로 한 잔 내려주고, 6시간 뒤에는 좀 멈춰줘.",,refuse,기기없음,창문 기기가 없음 (블라인드만 있음),자동화 만들기
531,OFFICE04,"could you brew a cup on the pantry coffee maker every 20 minutes while the printer toner is under 20 percent, and stop after 4 hours?","프린터 토너가 20퍼센트 아래인 동안 20분마다 팬트리 커피머신으로 한 잔 내려주고, 4시간 뒤에는 멈춰줘.",,execute,,,자동화 만들기
532,OFFICE02,"Wait until it is dark outside, then send me a note if the meeting room 1 light stays on every 30 minutes for 6 hours.",바깥이 어두워질 때까지 기다렸다가 6시간 동안 30분마다 회의실 1 조명 계속 켜져 있으면 알려줘.,,execute,,,자동화 만들기
533,OFFICE02,"Wait until the door is open, then run the fan for 5 minutes every 30 minutes for 4 hours",문이 열릴 때까지 기다렸다가 4시간 동안 30분마다 선풍기를 5분 동안 돌려.,,refuse,기기없음,선풍기 없음,자동화 만들기
534,OFFICE01,"please brew a cup on the pantry coffee maker every 10 minutes while the temperature is under 18 degrees, and stop after 4 hours.","온도가 18도 아래인 동안 10분마다 팬트리 커피머신으로 한 잔 내려주고, 4시간 뒤에는 좀 멈춰줘.",,execute,,,자동화 만들기
535,OFFICE01,"Wait until the printer paper is under 20 percent, then brew a cup on the pantry coffee maker every 20 minutes for 4 hours",프린터 용지가 20퍼센트 아래로 내려갈 때까지 기다렸다가 4시간 동안 20분마다 팬트리 커피머신으로 한 잔 내려.,,execute,,,자동화 만들기
536,OFFICE04,"could you brew a cup on the pantry coffee maker every 5 minutes while the temperature is under 18 degrees, and stop after 3 hours?","온도가 18도 아래인 동안 5분마다 팬트리 커피머신으로 한 잔 내려주고, 3시간 뒤에는 멈춰줄 수 있어?",,execute,,,자동화 만들기
537,OFFICE04,"please brew a cup on the pantry coffee maker every 15 minutes while the printer toner is under 20 percent, and stop after 2 hours.","프린터 토너가 20퍼센트 아래인 동안 15분마다 팬트리 커피머신으로 한 잔 내려주고, 2시간 뒤에는 좀 멈춰줘.",,execute,,,자동화 만들기
538,OFFICE04,"Wait until nobody is around, then toggle all the switches every 30 minutes for 4 hours.",아무도 없을 때까지 기다렸다가 4시간 동안 30분마다 모든 스위치 껐다 켜.,,refuse,감지불가,사람이 있는지 알 방법이 없음,자동화 만들기
539,OFFICE01,"could you run the pantry fan for 20 minutes every 30 minutes while nobody is around, and stop after 2 hours?","아무도 없는 동안 30분마다 팬트리 선풍기를 20분 동안 돌려주고, 2시간 뒤에는 멈춰줄 수 있어?",,execute,,,자동화 만들기
540,OFFICE01,"Wait until someone is in the room, then run the fan for 5 minutes every 15 minutes for 3 hours.",사무실에 사람이 올 때까지 기다렸다가 3시간 동안 15분마다 선풍기를 5분 동안 돌려.,,execute,,,자동화 만들기
541,OFFICE05,Turn on the meeting room lights.,회의실 조명 켜줘.,,ask,위치애매,회의실이 1층·2층에 있어 어느 곳인지 애매,기기 제어
542,OFFICE05,Turn off all the lights in the office.,사무실 전체 불 꺼줘.,,agent,,,기기 제어
543,OFFICE05,Turn on only the open space lights.,사무실 조명만 켜줘.,,agent,,,기기 제어
544,OFFICE01,Turn on the meeting room air conditioner.,회의실 에어컨 켜줘.,,agent,,,기기 제어
545,OFFICE05,Turn off the open space air conditioners.,사무실 에어컨 꺼줘.,,agent,,,기기 제어
546,OFFICE01,Start the air purifier.,공기청정기 작동시켜줘.,,agent,,,기기 제어
547,OFFICE05,Turn off the meeting room plugs.,회의실 플러그 꺼줘.,,refuse,기기없음,플러그 없음,기기 제어
548,OFFICE05,Turn on the power strip by the desks.,책상 쪽 멀티탭 켜줘.,,refuse,기기없음,멀티탭 없음,기기 제어
549,OFFICE05,Lower the open space blinds.,사무실 블라인드 내려줘.,,agent,,,기기 제어
550,OFFICE01,Raise the window blinds.,창가 블라인드 올려줘.,,agent,,,기기 제어
551,OFFICE03,Turn on the meeting room speakers.,회의실 스피커 켜줘.,,ask,위치애매,스피커가 있는 회의실이 2곳이라 어느 곳인지 애매,기기 제어
552,OFFICE05,Mute the office speakers.,사무실 스피커 음소거해줘.,,agent,,,기기 제어
553,OFFICE05,Set the meeting room lights to 70 percent.,회의실 조명 밝기 70퍼센트로 해줘.,,ask,위치애매,회의실이 1층·2층에 있어 어느 곳인지 애매,기기 제어
554,OFFICE05,Dim the open space lights to 30 percent.,사무실 조명 30퍼센트로 낮춰줘.,,agent,,,기기 제어
555,OFFICE05,Set the meeting room lights to a cool white.,회의실 조명을 차가운 색으로 바꿔줘.,,ask,위치애매,회의실이 1층·2층에 있어 어느 곳인지 애매,기기 제어
556,OFFICE02,Set the open space lights to a warm color.,사무실 조명 전구색으로 해줘.,,agent,,,기기 제어
557,OFFICE01,Set the meeting room to 24 degrees.,회의실 온도 24도로 맞춰줘.,,agent,,,기기 제어
558,OFFICE06,Turn the office temperature down to 23 degrees.,사무실 온도 23도로 낮춰줘.,,agent,,,기기 제어
559,OFFICE05,Switch the air conditioners to cool mode.,에어컨 냉방 모드로 바꿔줘.,,agent,,,기기 제어
560,OFFICE02,Put the air purifier on auto mode.,공기청정기를 자동 모드로 해줘.,,agent,,,기기 제어
561,OFFICE03,Turn down the meeting room speakers.,회의실 스피커 볼륨 줄여줘.,,ask,위치애매,스피커가 있는 회의실이 2곳이라 어느 곳인지 애매,기기 제어
562,OFFICE05,Set the announcement volume to 30.,방송 볼륨을 30으로 맞춰줘.,,agent,,,기기 제어
563,OFFICE05,What is the temperature in the open space?,지금 사무실 온도 어때?,,agent,,,상태 조회
564,OFFICE05,Is the office air quality okay?,사무실 공기질 괜찮아?,,agent,,,상태 조회
565,OFFICE05,Tell me the CO2 level in the open space.,사무실 CO2 농도 알려줘.,,agent,,,상태 조회
566,OFFICE03,Is anyone in the meeting room?,회의실에 사람 있어?,,agent,,,상태 조회
567,OFFICE01,Is the office empty right now?,지금 사무실에 아무도 없어?,,agent,,,상태 조회
568,OFFICE06,Any motion in the open space?,사무실에 움직임 감지됐어?,,agent,,,상태 조회
569,OFFICE05,Are the meeting room lights on?,회의실 조명 켜져 있어?,,agent,,,상태 조회
570,OFFICE06,Is the air conditioner running?,에어컨 작동 중이야?,,agent,,,상태 조회
571,OFFICE01,Is the air purifier off?,공기청정기 꺼져 있어?,,agent,,,상태 조회
572,OFFICE01,Is the entrance door open?,현관문 열려 있어?,,agent,,,상태 조회
573,OFFICE03,Check whether the entrance door is closed.,현관문 닫혀 있는지 확인해줘.,,agent,,,상태 조회
574,OFFICE05,How much power are the meeting room plugs using?,회의실 플러그 전력 얼마나 쓰고 있어?,,refuse,기기없음,플러그 없음,상태 조회
575,OFFICE05,"When the sunlight is strong, lower the blinds.",햇빛이 강하면 블라인드 내려줘.,,refuse,감지불가,햇빛 세기를 잴 센서 없음,자동화 만들기
576,OFFICE05,"When the TV turns on, dim the lights.",회의실 TV가 켜지면 조명을 어둡게 해줘.,,refuse,기기없음,TV 없음 (회의실 디스플레이만 있음),자동화 만들기
577,OFFICE05,Run the robot vacuum every Friday at 7.,매주 금요일 7시에 로봇청소기 돌려줘.,,refuse,기기없음,로봇청소기 없음,자동화 만들기
578,OFFICE05,Turn off all the plugs at quitting time every day.,매일 퇴근 시간에 모든 플러그 꺼줘.,,refuse,기기없음,플러그 없음,자동화 만들기
579,OFFICE05,Hold presentation mode for 30 minutes.,30분 동안 발표 모드 유지해줘.,,ask,동작애매,발표 모드가 무엇을 바꾸는지 애매,자동화 만들기
580,OFFICE05,We're starting the meeting.,회의 시작할게.,,ask,동작애매,회의 시작에 무엇을 할지 애매,기기 제어
581,OFFICE05,Switch the meeting room to presentation mode.,회의실 발표 모드로 바꿔줘.,,ask,위치애매,회의실이 1층·2층에 있고 발표 모드 내용도 애매,기기 제어
582,OFFICE05,The meeting is over.,회의 끝났어.,,ask,동작애매,회의 끝나고 무엇을 할지 애매,기기 제어
583,OFFICE05,Put the meeting room back to normal.,회의실 원래 상태로 돌려줘.,,ask,동작애매,원래 상태가 무엇인지 애매,기기 제어
584,OFFICE01,Turn on focus mode.,집중 모드 켜줘.,,ask,동작애매,집중 모드가 무엇을 바꾸는지 애매,기기 제어
585,OFFICE05,Run demo mode.,데모 모드 실행해줘.,,ask,동작애매,데모 모드가 무엇을 바꾸는지 애매,기기 제어
586,OFFICE05,Announce the meeting on the speaker 10 minutes before it starts.,회의 10분 전에 스피커로 알려줘.,,execute,,,자동화 만들기
587,OFFICE06,"If motion is detected after hours, text the manager.",퇴근 후 움직임이 감지되면 관리자에게 문자 보내줘.,,refuse,보낼수단없음,문자 보낼 기기 없음,자동화 만들기
588,OFFICE06,"If an intruder is detected, send a Slack message.",침입 감지되면 슬랙으로 알림 보내줘.,,refuse,보낼수단없음,슬랙으로 보낼 기기 없음,자동화 만들기
589,OFFICE05,Take a snapshot with the camera and email it to me.,카메라로 사진 찍어서 이메일로 보내줘.,,ask,확인필요,촬영이라 확인 필요,알림 보내기
590,OFFICE05,"If motion is detected while nobody is in the office, check the camera.",사람 없는데 움직임이 있으면 카메라로 확인해줘.,,refuse,감지불가,움직임 감지 센서 없음,자동화 만들기
591,OFFICE05,"If water leaks, alert the manager.",물이 새면 관리자에게 알려줘.,,refuse,감지불가,누수 감지 센서 없음,자동화 만들기
592,OFFICE05,Show me the hallway cameras.,복도 카메라 보여줘.,,ask,확인필요,카메라 영상을 보는 건 감시라 확인 필요,상태 조회
593,OFFICE05,Is it raining right now?,지금 비 와?,,agent,,,상태 조회
594,OFFICE05,Is it a good day to head out for a site visit?,오늘 현장 나가기 괜찮은 날이야?,,agent,,,상태 조회
595,OFFICE05,Do I have any meetings today?,오늘 회의 일정 있어?,,agent,,,상태 조회
596,OFFICE05,When does my next meeting start?,다음 회의 몇 시야?,,agent,,,상태 조회
597,OFFICE05,Should we ventilate right now?,지금 환기해야 해?,,agent,,,상태 조회
598,OFFICE03,Is the meeting room comfortable right now?,회의실 지금 쾌적해?,,agent,,,상태 조회
599,OFFICE05,Turn off the lights.,불 꺼줘.,,ask,위치애매,어느 공간 조명인지 애매,기기 제어
600,OFFICE05,Can you turn on the air conditioner?,에어컨 켜줘.,,agent,,,기기 제어
601,OFFICE05,Make the office comfortable.,사무실 좀 쾌적하게 해줘.,,ask,동작애매,온도인지 환기인지 애매,기기 제어
602,OFFICE05,Get things ready for the meeting.,회의 준비해줘.,,ask,동작애매,회의 준비로 무엇을 할지 애매,기기 제어
603,OFFICE05,Email the manager.,관리자에게 메일 보내줘.,,ask,동작애매,메일에 무엇을 쓸지 애매,알림 보내기
604,OFFICE05,Send out an alert.,알림 보내줘.,,ask,동작애매,무엇을 알릴지 애매,알림 보내기
605,OFFICE03,Lower the meeting room blinds.,회의실 블라인드 내려줘.,,refuse,기기없음,블라인드 없음,기기 제어
606,OFFICE05,Lock the entrance door locks.,현관 도어락 잠가줘.,,agent,,,기기 제어
607,OFFICE03,"When someone is detected, turn on the meeting room lights.",사람이 감지되면 회의실 조명 켜줘.,,execute,,,자동화 만들기
608,OFFICE03,"When the meeting room is empty, turn off its lights.",회의실에 아무도 없으면 조명 꺼줘.,,execute,,,자동화 만들기
609,OFFICE01,"If nobody is around, turn off the air conditioners.",사람이 없으면 에어컨 꺼줘.,,execute,,,자동화 만들기
610,OFFICE01,Notify me when the entrance door opens.,현관문이 열리면 알림 보내줘.,,execute,,,자동화 만들기
611,OFFICE06,"If the door is open, turn off the air conditioner.",문이 열려 있으면 사무실 에어컨 꺼줘.,,execute,,,자동화 만들기
612,OFFICE05,"If the CO2 gets high, tell us to ventilate.",CO2가 높으면 환기하라고 알려줘.,,execute,,,자동화 만들기
613,OFFICE05,"If the temperature goes above 28, turn on the air conditioners.",온도가 28도 넘으면 에어컨 켜줘.,,execute,,,자동화 만들기
614,OFFICE02,"If the air quality gets bad, turn on the air purifier.",공기질이 나쁘면 공기청정기 켜줘.,,execute,,,자동화 만들기
615,OFFICE05,"When it gets dark outside, turn on the office lights.",어두워지면 사무실 조명 켜줘.,,execute,,,자동화 만들기
616,OFFICE01,"If the air purifier shuts off, switch it back on.",공기청정기가 꺼지면 다시 켜줘.,,execute,,,자동화 만들기
617,OFFICE05,Turn off the office lights at 6 pm.,오후 6시에 사무실 조명 꺼줘.,,execute,,,자동화 만들기
618,OFFICE01,Turn on the meeting room air conditioner at 9 am.,오전 9시에 회의실 에어컨 켜줘.,,execute,,,자동화 만들기
619,OFFICE02,"At noon, turn on the air purifier.",점심시간에 공기청정기 켜줘.,,execute,,,자동화 만들기
620,OFFICE05,Turn on the office lights at 8 am on weekdays.,평일 오전 8시에 사무실 조명 켜줘.,,execute,,,자동화 만들기
621,OFFICE06,"When someone arrives at the office, play a welcome announcement.",손님 오면 안내 방송해줘.,,execute,,,자동화 만들기
622,OFFICE05,"If the CO2 gets high, put a warning on the screen.",CO2 높으면 화면에 알림 띄워줘.,,execute,,,자동화 만들기
623,OFFICE03,"When the door opens, show me a notification.",문이 열리면 알림을 띄워줘.,,execute,,,자동화 만들기
624,OFFICE05,"If the air quality gets bad, announce that we should ventilate.",공기질 나쁘면 환기하라고 방송해줘.,,execute,,,자동화 만들기
625,OFFICE05,"If the door opens, email the manager.",문 열림 감지되면 관리자에게 메일 보내줘.,,execute,,,자동화 만들기
626,OFFICE05,"If smoke is detected, sound the alarm and warn everyone.",연기 감지되면 경보 울리고 사무실 전체에 경고해줘.,,execute,,,자동화 만들기
627,OFFICE06,"When motion is detected, capture a 10-second video.",움직임 감지되면 10초 녹화해줘.,,ask,확인필요,녹화라 확인 필요,자동화 만들기
628,OFFICE03,"If the entrance door opens after dark, send me a warning.",어두워진 뒤에 현관문이 열리면 경고해줘.,,execute,,,자동화 만들기
629,OFFICE03,Turn off the meeting room lights in 10 minutes.,10분 뒤에 회의실 조명 꺼줘.,,execute,,,자동화 만들기
630,OFFICE01,"Five minutes after the meeting ends, turn off the air conditioner.",회의 끝나고 5분 뒤에 에어컨 꺼줘.,,execute,,,자동화 만들기
631,OFFICE01,Keep the meeting room air conditioner on for an hour.,1시간 동안 회의실 에어컨 켜둬.,,execute,,,자동화 만들기
632,OFFICE06,"If there is motion in the office after dark, notify me.",어두워진 뒤에 사무실에 움직임이 감지되면 알려줘.,,execute,,,자동화 만들기
633,OFFICE06,"If the entrance door opens at night, warn me.",밤에 현관문이 열리면 경고해줘.,,execute,,,자동화 만들기
634,OFFICE05,"While the CO2 stays high, alert me every 10 minutes.",CO2가 계속 높으면 10분마다 알려줘.,,execute,,,자동화 만들기
635,OFFICE03,"While the door stays open, keep warning me.",문이 계속 열려 있으면 반복해서 경고해줘.,,execute,,,자동화 만들기
636,OFFICE05,How much power has the office used today?,오늘 사무실 전력 사용량 알려줘.,,agent,,,이력 조회
637,OFFICE05,What was the temperature range in the office today?,오늘 사무실 온도 변화 알려줘.,,agent,,,이력 조회
638,OFFICE05,How was the CO2 level over the last hour?,지난 1시간 CO2 농도 어땠어?,,agent,,,이력 조회
639,OFFICE05,What was the average office temperature yesterday?,어제 사무실 평균 온도 알려줘.,,agent,,,이력 조회
640,OFFICE02,Turn on my desk light when I arrive at the office.,내가 회사에 도착하면 자리 조명 켜줘.,,ask,위치애매,내 자리가 어느 곳인지 애매,자동화 만들기
641,OFFICE02,Turn on the air conditioner when I arrive at the office.,내가 사무실에 도착하면 에어컨 켜줘.,,execute,,,자동화 만들기
642,OFFICE02,Prepare presentation mode when I arrive near the meeting room.,내가 회의실 근처에 도착하면 발표 모드 준비해줘.,,refuse,감지불가,방 단위 위치는 알 수 없음,자동화 만들기
643,OFFICE02,Turn off my desk light when I leave work.,내가 퇴근하면 내 자리 조명 꺼줘.,,ask,위치애매,내 자리가 어느 곳인지 애매,자동화 만들기
644,OFFICE02,Turn off my desk air conditioner when I leave the office.,내가 사무실을 나가면 내 자리 에어컨 꺼줘.,,ask,위치애매,내 자리가 어느 곳인지 애매,자동화 만들기
645,OFFICE02,Turn off all meeting room devices when I move away from the office.,내가 회사에서 멀어지면 회의실 기기 다 꺼줘.,,ask,확인필요,다 끄는 동작이라 확인 필요,자동화 만들기
646,OFFICE02,Ask whether to disable security mode when the manager arrives at the office.,관리자가 회사에 도착하면 보안 모드 해제할지 물어봐.,,refuse,기기없음,관리자 위치를 알 수 없고 보안 모드도 없음,자동화 만들기
647,OFFICE02,Turn off all lights when the last person leaves the office.,마지막 사람이 사무실을 나가면 전체 조명 꺼줘.,,execute,,,자동화 만들기
648,OFFICE02,"From 6 pm to midnight, check every 30 minutes whether anyone is in the office, and turn the air conditioner off if not.",오후 6시부터 자정까지 30분마다 사무실에 사람이 있는지 확인해서 없으면 에어컨 꺼줘.,,execute,,,자동화 만들기
649,OFFICE02,Show me the checklist when I arrive at the site visit location.,내가 현장 방문지에 도착하면 체크리스트 보여줘.,,refuse,감지불가,현장 방문지 도착을 알 수 없고 체크리스트 기능도 없음,자동화 만들기
650,OFFICE02,Turn on presentation mode 10 minutes before the next meeting.,다음 회의 10분 전에 회의실 발표 모드 켜줘.,,execute,,,자동화 만들기
651,OFFICE02,Turn on the meeting room lights before the first meeting today.,오늘 첫 회의 전에 회의실 조명 켜줘.,,execute,,,자동화 만들기
652,OFFICE02,Turn on the TV 5 minutes before the meeting starts.,회의 시작 5분 전에 TV 켜줘.,,refuse,기기없음,TV 없음 (회의실 디스플레이만 있음),자동화 만들기
653,OFFICE02,Put the meeting room back to normal when the meeting ends.,회의가 끝나면 회의실 원래 상태로 돌려줘.,,ask,동작애매,원래 상태가 무엇인지 애매,자동화 만들기
654,OFFICE02,Turn off the meeting room air conditioner when there is no meeting.,회의 없는 시간에는 회의실 에어컨 꺼줘.,,execute,,,자동화 만들기
655,OFFICE02,Make the meeting room comfortable if there is a meeting today.,오늘 회의 일정 있으면 회의실 미리 쾌적하게 해줘.,,ask,동작애매,쾌적하게가 온도인지 환기인지 애매,자동화 만들기
656,OFFICE02,Prepare the large meeting room if the next meeting has more than five attendees.,다음 회의 참석자가 5명 이상이면 큰 회의실 준비해줘.,,refuse,감지불가,참석자 수를 알 수 없고 회의실도 한 곳뿐,자동화 만들기
657,OFFICE02,Turn off the meeting room lights if there are no meetings this afternoon.,오늘 오후 회의가 없으면 회의실 조명 꺼줘.,,agent,,,자동화 만들기
658,OFFICE02,Send an entry reminder to attendees before the meeting starts.,회의 시작 전에 참석자에게 입실 알림 보내줘.,,refuse,보낼수단없음,참석자에게 보낼 수단이 없음,자동화 만들기
659,OFFICE02,Remind me to prepare for a site visit if the next event is an external meeting.,다음 일정이 외부 미팅이면 현장 방문 준비 알림 보내줘.,,ask,동작애매,알림에 무엇을 담을지 애매,자동화 만들기
660,OFFICE02,Prepare before the next meeting.,다음 회의 전에 준비해줘.,,ask,동작애매,회의 준비로 무엇을 할지 애매,자동화 만들기
661,OFFICE02,Notify the attendees of that meeting.,해당 회의 참석자에게 알려줘.,,refuse,보낼수단없음,참석자에게 보낼 수단이 없음,알림 보내기
662,OFFICE02,Handle it based on today's schedule.,오늘 일정 기준으로 알아서 해줘.,,ask,동작애매,무엇을 할지 애매,일상 대화
663,OFFICE01,Turn off the lobby lights when the sun rises.,해 뜨면 로비 조명 꺼줘.,,refuse,기기없음,로비라는 공간이 없음,자동화 만들기
664,OFFICE01,Raise the window blinds when the sun rises.,해 뜨면 창가 블라인드 올려줘.,,execute,,,자동화 만들기
665,OFFICE01,Turn on the office lights when the sun sets.,해가 지면 사무실 조명 켜줘.,,execute,,,자동화 만들기
666,OFFICE01,Lower the meeting room blinds around sunset.,해질 무렵 회의실 블라인드 내려줘.,,refuse,기기없음,회의실에 블라인드 없음,자동화 만들기
667,OFFICE01,Turn on the entrance lights 30 minutes before sunset.,일몰 30분 전에 입구 조명 켜줘.,,refuse,기기없음,현관에 조명 없음,자동화 만들기
668,OFFICE01,Lower the meeting room light brightness after sunrise.,일출 후에는 회의실 조명 밝기 낮춰줘.,,execute,,,자동화 만들기
669,OFFICE01,Lower the window blinds when strong sunlight comes in.,해가 강하게 들어오면 창가 블라인드 내려줘.,,refuse,감지불가,햇빛 세기를 잴 센서 없음,자동화 만들기
670,OFFICE01,Turn on security mode when the sun sets.,해가 지면 보안 모드 켜줘.,,refuse,기기없음,보안 모드 기능 없음,자동화 만들기
671,OFFICE01,Ask whether to disable night security mode when the sun rises.,해 뜨면 야간 보안 모드 해제할지 물어봐.,,refuse,기기없음,보안 모드 기능 없음,자동화 만들기
672,OFFICE01,Turn on the entrance sign light at sunset.,해질 때 입구 간판 조명 켜줘.,,refuse,기기없음,간판 조명 없음,자동화 만들기
673,OFFICE01,Turn on the lights when it gets dark around quitting time.,퇴근 시간쯤 어두워지면 조명 켜줘.,,ask,위치애매,어느 공간 조명인지 애매,자동화 만들기
674,OFFICE01,Lower the blinds when too much sunlight comes in.,해가 많이 들어오면 블라인드 좀 내려줘.,,refuse,감지불가,햇빛 세기를 잴 센서 없음,자동화 만들기
675,OFFICE01,Lower the blinds if the window area is glaring.,창가가 눈부시면 블라인드 내려줘.,,refuse,감지불가,햇빛 세기를 잴 센서 없음,자동화 만들기
676,OFFICE05,Today feels too hectic.,오늘 너무 정신없어.,,agent,,,일상 대화
677,OFFICE05,I feel exhausted from today's meetings.,오늘 회의 때문에 좀 지쳤어.,,agent,,,일상 대화
678,OFFICE05,I cannot concentrate well.,집중이 잘 안 돼.,,agent,,,일상 대화
679,OFFICE05,I feel bad because the meeting did not go well.,회의 망친 것 같아서 기분이 안 좋아.,,agent,,,일상 대화
680,OFFICE05,The office feels too stuffy.,사무실이 너무 답답하게 느껴져.,,agent,,,일상 대화
681,OFFICE05,I want to work quietly.,조용히 일하고 싶어.,,agent,,,일상 대화
682,OFFICE05,Make the mood calmer.,분위기 좀 차분하게 해줘.,,agent,,,기기 제어
683,OFFICE05,"I feel sensitive right now, so reduce notifications.",나 지금 예민하니까 알림 좀 줄여줘.,,agent,,,자동화 관리
684,OFFICE05,I do not want to be disturbed today.,오늘은 방해받고 싶지 않아.,,agent,,,일상 대화
685,OFFICE05,I am nervous and cannot prepare well for the presentation.,긴장돼서 발표 준비가 잘 안 돼.,,agent,,,일상 대화
686,OFFICE05,Send a text message to the manager when the door opens.,문 열리면 관리자에게 문자 보내줘.,,refuse,보낼수단없음,문자 보낼 기기 없음,자동화 만들기
687,OFFICE05,Send a text message to the person in charge when CO2 exceeds 1000.,CO2가 1000 넘으면 담당자에게 문자 보내줘.,,refuse,보낼수단없음,문자 보낼 기기 없음,자동화 만들기
688,OFFICE05,Notify me by text if the meeting room temperature is too high.,회의실 온도가 너무 높으면 문자로 알림 보내줘.,,refuse,보낼수단없음,문자 보낼 기기 없음,자동화 만들기
689,OFFICE05,Send a text to my number if motion is detected after work.,퇴근 후 움직임이 감지되면 내 번호로 문자 보내줘.,,refuse,보낼수단없음,문자 보낼 기기 없음,자동화 만들기
690,OFFICE05,Send a text message to the manager if a device error occurs.,기기 오류가 나면 관리자에게 문자 보내줘.,,refuse,보낼수단없음,기기 오류를 알 수 없고 문자 보낼 기기도 없음,자동화 만들기
691,OFFICE05,Notify me by KakaoTalk when the door opens.,문 열리면 카톡으로 알림 보내줘.,,refuse,보낼수단없음,카톡으로 보낼 기기 없음,자동화 만들기
692,OFFICE05,Send a KakaoTalk message when the meeting room reservation is canceled.,회의실 예약이 취소되면 카톡 보내줘.,,refuse,보낼수단없음,예약 취소를 알 수 없고 카톡도 보낼 수 없음,자동화 만들기
693,OFFICE05,Send a KakaoTalk message to the manager when CO2 is high.,CO2가 높으면 관리자에게 카톡 보내줘.,,refuse,보낼수단없음,카톡으로 보낼 기기 없음,자동화 만들기
694,OFFICE05,Send today's meeting room status summary by KakaoTalk.,오늘 회의실 상태 요약을 카톡으로 보내줘.,,refuse,보낼수단없음,카톡으로 보낼 기기 없음,알림 보내기
695,OFFICE05,Notify the person in charge's KakaoTalk room if a device goes offline.,장비가 오프라인이면 담당자 카톡방에 알려줘.,,refuse,보낼수단없음,기기 연결 상태를 알 수 없고 카톡도 보낼 수 없음,자동화 만들기
696,OFFICE05,Notify Slack when CO2 is high.,CO2가 높으면 슬랙에 알림 보내줘.,,refuse,보낼수단없음,슬랙으로 보낼 기기 없음,자동화 만들기
697,OFFICE05,Send a Slack message to the operations channel if the meeting room door is left open.,회의실 문이 열려 있으면 운영 채널에 슬랙 보내줘.,,refuse,보낼수단없음,슬랙으로 보낼 기기 없음,자동화 만들기
698,OFFICE05,Notify the manager Slack channel if a device error occurs.,기기 오류가 나면 관리자 슬랙 채널에 알려줘.,,refuse,보낼수단없음,슬랙으로 보낼 기기 없음,자동화 만들기
699,OFFICE05,Send a ready notification to Slack before the meeting starts.,회의 시작 전에 슬랙으로 준비 완료 알림 보내줘.,,refuse,보낼수단없음,슬랙으로 보낼 기기 없음,자동화 만들기
700,OFFICE05,Notify the developer Slack channel if automation fails.,자동화 실패하면 개발팀 슬랙 채널에 알려줘.,,refuse,보낼수단없음,자동화 실패를 알 수 없고 슬랙도 보낼 수 없음,자동화 만들기
701,OFFICE05,Post today's office status summary to Slack.,오늘 사무실 상태 요약을 슬랙에 올려줘.,,refuse,보낼수단없음,슬랙으로 보낼 기기 없음,알림 보내기
702,OFFICE05,Notify the manager.,관리자에게 알려줘.,,ask,동작애매,무엇을 알릴지 애매,알림 보내기
703,OFFICE05,Report it to the person in charge.,담당자에게 보고해줘.,,ask,동작애매,무엇을 보고할지 애매,알림 보내기
704,OFFICE05,Share the meeting room status.,회의실 상태 공유해줘.,,ask,동작애매,무엇을 어디로 공유할지 애매,알림 보내기
705,OFFICE06,Disable security mode.,보안 모드 해제해줘.,,refuse,기기없음,보안 모드 기능 없음,기기 제어
706,OFFICE03,Show me the meeting room camera.,회의실 카메라 보여줘.,,ask,확인필요,카메라 영상을 보는 건 감시라 확인 필요,상태 조회
707,OFFICE06,Start camera recording.,카메라 녹화 시작해줘.,,ask,확인필요,녹화라 확인 필요,기기 제어
708,OFFICE05,Take a camera photo and send it by email.,카메라 사진을 이메일로 보내줘.,,ask,확인필요,촬영이라 확인 필요,알림 보내기
709,OFFICE03,Post the meeting room camera video to Slack.,회의실 카메라 영상을 슬랙에 올려줘.,,refuse,보낼수단없음,슬랙으로 보낼 기기 없음,알림 보내기
710,OFFICE05,Turn off every device in the office.,전체 사무실 기기 다 꺼줘.,,ask,확인필요,다 끄는 동작이라 확인 필요,기기 제어
711,OFFICE05,Delete the end-of-day mode automation.,퇴근 모드 자동화 삭제해줘.,,ask,확인필요,자동화를 지우는 동작이라 확인 필요,자동화 관리
712,OFFICE05,Delete all automations.,모든 자동화 삭제해줘.,,ask,확인필요,자동화를 모두 지우는 동작이라 확인 필요,자동화 관리
713,OFFICE05,Reset the meeting room reservation automation.,회의실 예약 자동화를 초기화해줘.,,ask,확인필요,자동화를 초기화하는 동작이라 확인 필요,자동화 관리
714,OFFICE05,Turn off security alerts.,보안 알림을 꺼줘.,,ask,확인필요,안전 관련 알림을 끄는 동작이라 확인 필요,자동화 관리
715,OFFICE05,Stop manager notifications.,관리자 알림을 중지해줘.,,ask,확인필요,알림을 끄는 동작이라 확인 필요,자동화 관리
716,OFFICE06,Sound the entrance siren.,입구 사이렌 울려줘.,,ask,확인필요,사이렌을 울리는 동작이라 확인 필요,기기 제어
717,OFFICE05,Cut the power to the entire office.,사무실 전체 전원을 내려줘.,,ask,확인필요,전체 전원을 내리는 동작이라 확인 필요,기기 제어
718,OFFICE05,Show me the automation list.,자동화 목록 보여줘.,,agent,,,자동화 관리
719,OFFICE05,Show me the automations that are currently enabled.,현재 켜져 있는 자동화 보여줘.,,agent,,,자동화 관리
720,OFFICE05,Tell me which automations ran today.,오늘 실행된 자동화 알려줘.,,agent,,,자동화 관리
721,OFFICE05,Show me only the meeting room automations.,회의실 자동화만 보여줘.,,agent,,,자동화 관리
722,OFFICE05,Turn off the automation I just created.,방금 만든 자동화 꺼줘.,,agent,,,자동화 관리
723,OFFICE05,Pause the meeting mode automation.,회의 모드 자동화 일시정지해줘.,,agent,,,자동화 관리
724,OFFICE05,Turn the energy saving automation back on.,절전 자동화 다시 켜줘.,,agent,,,자동화 관리
725,OFFICE05,Change the 7 PM light automation to 8 PM.,매일 7시 조명 자동화를 8시로 바꿔줘.,,agent,,,자동화 관리
726,OFFICE05,Change the meeting room air conditioner automation condition to 10 minutes of absence.,회의실 에어컨 자동화 조건을 10분 부재로 바꿔줘.,,agent,,,자동화 관리
727,OFFICE05,Lower the CO2 alert threshold from 1000 to 800.,CO2 알림 기준을 1000에서 800으로 낮춰줘.,,agent,,,자동화 관리
728,OFFICE05,Tell me why this automation ran.,이 자동화 왜 실행됐는지 알려줘.,,agent,,,자동화 관리
729,OFFICE05,Show me the log of the scenario that just ran.,방금 실행된 시나리오 로그 보여줘.,,agent,,,자동화 관리
730,OFFICE05,Show me only failed automations.,실패한 자동화만 보여줘.,,agent,,,자동화 관리
731,OFFICE05,Tell me which automation ran the most last week.,지난주에 가장 많이 실행된 자동화 알려줘.,,agent,,,자동화 관리
732,OFFICE05,Remove the blinds from meeting mode.,회의 모드에서 블라인드는 빼줘.,,agent,,,자동화 관리
733,OFFICE05,Add TV power-on to presentation mode.,발표 모드에 TV 켜기를 추가해줘.,,refuse,기기없음,TV 없음 (회의실 디스플레이만 있음),자동화 관리
734,OFFICE05,Do not turn off the air purifier in end-of-day mode.,퇴근 모드에서 공기청정기는 끄지 마.,,agent,,,자동화 관리
735,OFFICE05,Change the focus mode light brightness to 40 percent.,집중 모드 조명 밝기를 40퍼센트로 바꿔줘.,,agent,,,자동화 관리
736,OFFICE05,Add lobby lights to guest welcome mode.,손님 맞이 모드에 로비 조명도 추가해줘.,,refuse,기기없음,로비라는 공간이 없음,자동화 관리
737,OFFICE05,Change overtime mode start time to 7 PM.,야근 모드 실행 시간을 7시로 바꿔줘.,,agent,,,자동화 관리
