mode,trig,act,dev_trig,dev_act,installs,views,weight,n_rules,quota,spaces
trigger,button,light.scene,Button,Light,25429,124460,0.074323,30,127,HOME01 HOME02 HOME03 HOME04 HOME05 HOME06 HOME07 HOME08 HOME09 HOME10 HOME11 HOME12 HOME13 HOME15 HOME16 HOME18 HOME19 HOME20 OFFICE01 OFFICE05 OFFICE06 LAB01 LAB02 LAB03 LAB04 LAB05 FACT01 FACT02
trigger,button,light.dim,Button,Light,3963,66701,0.047293,11,82,HOME01 HOME02 HOME03 HOME04 HOME05 HOME06 HOME07 HOME08 HOME09 HOME10 HOME11 HOME12 HOME13 HOME15 HOME16 HOME18 HOME19 HOME20 OFFICE01 OFFICE05 OFFICE06 LAB01 LAB02 LAB03 LAB04 LAB05 FACT01 FACT02
trigger,sun,light.on,SunProvider,Light,212120,464302,0.044690,87,78,HOME01 HOME02 HOME03 HOME04 HOME05 HOME06 HOME07 HOME08 HOME09 HOME10 HOME11 HOME12 HOME13 HOME14 HOME15 HOME16 HOME17 HOME18 HOME19 HOME20 OFFICE01 OFFICE02 OFFICE03 OFFICE04 OFFICE05 OFFICE06 LAB01 LAB02 LAB03 LAB04 LAB05 FARM02 FARM03 FACT01 FACT02 FACT03 FACT04 FACT05
trigger,time,notify,Clock,NotificationProvider,290205,0,0.036189,193,82,HOME01 HOME02 HOME03 HOME04 HOME05 HOME06 HOME07 HOME08 HOME09 HOME10 HOME11 HOME12 HOME13 HOME14 HOME15 HOME16 HOME17 HOME18 HOME19 HOME20 OFFICE01 OFFICE02 OFFICE03 OFFICE04 OFFICE05 OFFICE06 LAB01 LAB02 LAB03 LAB04 LAB05 FARM01 FARM02 FARM03 FARM04 FACT01 FACT02 FACT03 FACT04 FACT05
trigger,button,light.on,Button,Light,237715,102712,0.034841,46,61,HOME01 HOME02 HOME03 HOME04 HOME05 HOME06 HOME07 HOME08 HOME09 HOME10 HOME11 HOME12 HOME13 HOME15 HOME16 HOME18 HOME19 HOME20 OFFICE01 OFFICE05 OFFICE06 LAB01 LAB02 LAB03 LAB04 LAB05 FACT01 FACT02
trigger,motion,light.on,MotionSensor,Light,7973,637358,0.033993,47,60,HOME01 HOME05 HOME06 HOME08 HOME09 HOME10 HOME12 HOME16 HOME17 HOME18 OFFICE06 LAB01 FARM03 FACT02
trigger,threshold,fan,TemperatureSensor,Fan,156,208748,0.033986,6,78,HOME01 HOME03 HOME04 HOME05 HOME06 HOME08 HOME09 HOME10 HOME12 HOME13 HOME14 HOME17 HOME19 HOME20 OFFICE01 OFFICE04 FARM02
trigger,weather,notify,WeatherProvider,NotificationProvider,1118528,4652,0.033780,126,77,HOME01 HOME02 HOME03 HOME04 HOME05 HOME06 HOME07 HOME08 HOME09 HOME10 HOME12 HOME13 HOME15 HOME16 HOME18 HOME19 OFFICE01 OFFICE02 OFFICE03 OFFICE05 LAB01 LAB03 FARM01 FARM02 FARM03 FARM04 FACT01 FACT05
trigger,threshold,light.color,TemperatureSensor,Light,2332,19079,0.026373,22,47,HOME01 HOME02 HOME03 HOME04 HOME05 HOME06 HOME07 HOME08 HOME09 HOME10 HOME11 HOME12 HOME13 HOME14 HOME15 HOME16 HOME17 HOME18 HOME19 HOME20 OFFICE01 OFFICE02 OFFICE03 OFFICE04 OFFICE05 OFFICE06 LAB01 LAB02 LAB03 LAB04 LAB05 FARM02 FARM03 FACT01 FACT02 FACT03 FACT04 FACT05
trigger,sun,cover,SunProvider,WindowCovering,245,215615,0.018977,9,44,HOME03 HOME04 HOME05 HOME06 HOME08 HOME09 HOME11 HOME13 HOME15 HOME18 HOME19 OFFICE01 OFFICE02 OFFICE05 FARM01
trigger,calendar,notify,CalendarProvider,NotificationProvider,58873,112305,0.017850,39,42,HOME15 HOME19 OFFICE01 OFFICE02 OFFICE03 OFFICE04 OFFICE05 OFFICE06 LAB01 LAB03 LAB04 FACT01
trigger,sun,light.color,SunProvider,Light,1188,4515,0.016954,13,31,HOME01 HOME02 HOME03 HOME04 HOME05 HOME06 HOME07 HOME08 HOME09 HOME10 HOME11 HOME12 HOME13 HOME14 HOME15 HOME16 HOME17 HOME18 HOME19 HOME20 OFFICE01 OFFICE02 OFFICE03 OFFICE04 OFFICE05 OFFICE06 LAB01 LAB02 LAB03 LAB04 LAB05 FARM02 FARM03 FACT01 FACT02 FACT03 FACT04 FACT05
trigger,finished,notify,LaundryWasher,NotificationProvider,5833,228878,0.016176,34,39,HOME02 HOME06 HOME07 HOME12 HOME18
trigger,threshold,notify,TemperatureSensor,NotificationProvider,19988,0,0.015886,86,38,HOME01 HOME02 HOME03 HOME04 HOME05 HOME06 HOME07 HOME08 HOME09 HOME10 HOME11 HOME12 HOME13 HOME14 HOME15 HOME16 HOME17 HOME18 HOME19 HOME20 OFFICE01 OFFICE02 OFFICE03 OFFICE04 OFFICE05 OFFICE06 LAB01 LAB02 LAB03 LAB04 LAB05 FARM01 FARM02 FARM03 FARM04 FACT01 FACT02 FACT03 FACT04 FACT05
trigger,threshold,thermostat,TemperatureSensor,Thermostat,82347,0,0.015798,81,38,HOME02 HOME05 HOME06 HOME07 HOME11 HOME14 HOME16 HOME18 HOME19 HOME20 OFFICE01 OFFICE06
trigger,motion,camera,MotionSensor,Camera,13012,76521,0.015566,32,38,HOME06 HOME08 HOME09 HOME16 HOME18 OFFICE06 LAB01 FARM03 FACT02
trigger,timer,timer,Clock,Clock,954,831,0.015552,11,38,HOME01 HOME02 HOME03 HOME04 HOME05 HOME06 HOME07 HOME08 HOME09 HOME10 HOME11 HOME12 HOME13 HOME14 HOME15 HOME16 HOME17 HOME18 HOME19 HOME20 OFFICE01 OFFICE02 OFFICE03 OFFICE04 OFFICE05 OFFICE06 LAB01 LAB02 LAB03 LAB04 LAB05 FARM01 FARM02 FARM03 FARM04 FACT01 FACT02 FACT03 FACT04 FACT05
trigger,time,light.color,Clock,Light,15765,1622,0.015141,40,28,HOME01 HOME02 HOME03 HOME04 HOME05 HOME06 HOME07 HOME08 HOME09 HOME10 HOME11 HOME12 HOME13 HOME14 HOME15 HOME16 HOME17 HOME18 HOME19 HOME20 OFFICE01 OFFICE02 OFFICE03 OFFICE04 OFFICE05 OFFICE06 LAB01 LAB02 LAB03 LAB04 LAB05 FARM02 FARM03 FACT01 FACT02 FACT03 FACT04 FACT05
trigger,contact,light.color,ContactSensor,Light,317,847,0.015121,9,28,HOME01 HOME02 HOME03 HOME04 HOME05 HOME06 HOME07 HOME08 HOME09 HOME10 HOME11 HOME12 HOME13 HOME14 HOME15 HOME16 HOME17 HOME18 HOME19 HOME20 OFFICE01 OFFICE03 OFFICE06 LAB01 LAB02 LAB03 FACT03
trigger,button,media,Button,Television,139219,6715,0.012678,24,31,HOME02 HOME03 HOME04 HOME06 HOME07 HOME08 HOME11 HOME12 HOME13 HOME15 HOME18
trigger,battery,notify,Battery,NotificationProvider,70033,482,0.012435,27,30,HOME07 HOME15 LAB01 FARM02
trigger,contact,garage,ContactSensor,GarageDoor,29548,0,0.012148,63,30,HOME06 HOME07 HOME15 HOME16 HOME18
trigger,time,media,Clock,Television,10420,109,0.011347,28,28,HOME02 HOME03 HOME04 HOME06 HOME07 HOME08 HOME11 HOME12 HOME13 HOME14 HOME15 HOME18
trigger,contact,notify,ContactSensor,NotificationProvider,949,55594,0.011248,11,28,HOME01 HOME02 HOME03 HOME04 HOME05 HOME06 HOME07 HOME08 HOME09 HOME10 HOME11 HOME12 HOME13 HOME14 HOME15 HOME16 HOME17 HOME18 HOME19 HOME20 OFFICE01 OFFICE03 OFFICE06 LAB01 LAB02 LAB03 FARM04 FACT03
trigger,motion,notify,MotionSensor,NotificationProvider,10166,194,0.010485,20,27,HOME01 HOME05 HOME06 HOME08 HOME09 HOME10 HOME12 HOME16 HOME17 HOME18 OFFICE06 LAB01 FARM03 FACT02
trigger,time,light.on,Clock,Light,29978,0,0.010058,54,20,HOME01 HOME02 HOME03 HOME04 HOME05 HOME06 HOME07 HOME08 HOME09 HOME10 HOME11 HOME12 HOME13 HOME14 HOME15 HOME16 HOME17 HOME18 HOME19 HOME20 OFFICE01 OFFICE02 OFFICE03 OFFICE04 OFFICE05 OFFICE06 LAB01 LAB02 LAB03 LAB04 LAB05 FARM02 FARM03 FACT01 FACT02 FACT03 FACT04 FACT05
trigger,power,notify,PowerMeter,NotificationProvider,2641,1202,0.009675,13,25,HOME01 HOME08 HOME11 HOME15 HOME19 LAB01 LAB02 LAB04 LAB05 FACT01 FACT03 FACT04
trigger,button,garage,Button,GarageDoor,679,24943,0.009634,4,24,HOME06 HOME07 HOME15 HOME16 HOME18 FACT02
trigger,time,camera,Clock,Camera,8762,116,0.009522,19,24,HOME06 HOME07 HOME08 HOME09 HOME15 HOME16 HOME18 HOME19 OFFICE03 OFFICE05 OFFICE06 LAB01 LAB02 LAB03 LAB04 LAB05 FARM01 FARM02 FARM03 FARM04 FACT01 FACT02 FACT03 FACT04 FACT05
trigger,arrive,light.on,PersonTracker,Light,110440,0,0.009412,48,17,HOME02 HOME03 HOME04 HOME05 HOME06 HOME07 HOME08 HOME11 HOME13 HOME15 HOME16 HOME18 HOME19 HOME20 OFFICE01 OFFICE02 OFFICE05 OFFICE06 LAB01 LAB04
trigger,leak,notify,LeakSensor,NotificationProvider,433,2035,0.008880,7,21,HOME06 HOME07 HOME14 HOME16 LAB02 FACT05
trigger,threshold,light.dim,TemperatureSensor,Light,37,5110,0.008422,2,15,HOME01 HOME02 HOME03 HOME04 HOME05 HOME06 HOME07 HOME08 HOME09 HOME10 HOME11 HOME12 HOME13 HOME14 HOME15 HOME16 HOME17 HOME18 HOME19 HOME20 OFFICE01 OFFICE02 OFFICE03 OFFICE04 OFFICE05 OFFICE06 LAB01 LAB02 LAB03 LAB04 LAB05 FARM02 FARM03 FACT01 FACT02 FACT03 FACT04 FACT05
trigger,timer,light.on,Clock,Light,379,1390,0.008115,4,15,HOME01 HOME02 HOME03 HOME04 HOME05 HOME06 HOME07 HOME08 HOME09 HOME10 HOME11 HOME12 HOME13 HOME14 HOME15 HOME16 HOME17 HOME18 HOME19 HOME20 OFFICE01 OFFICE02 OFFICE03 OFFICE04 OFFICE05 OFFICE06 LAB01 LAB02 LAB03 LAB04 LAB05 FARM02 FARM03 FACT01 FACT02 FACT03 FACT04 FACT05
trigger,timer,fan,Clock,Fan,0,2968,0.007979,1,18,HOME01 HOME03 HOME04 HOME05 HOME06 HOME08 HOME09 HOME10 HOME12 HOME13 HOME14 HOME17 HOME19 HOME20 OFFICE01 OFFICE04 FARM02
trigger,time,mower,Clock,Mower,3350,1742,0.007976,2,18,HOME06 HOME07
trigger,arrive,notify,PersonTracker,NotificationProvider,78739,0,0.007768,37,18,HOME02 HOME03 HOME04 HOME05 HOME06 HOME07 HOME08 HOME11 HOME13 HOME15 HOME16 HOME18 HOME19 HOME20 OFFICE01 OFFICE02 OFFICE05 OFFICE06 LAB01 LAB04
trigger,presence,speaker,PresenceSensor,Speaker,146,925,0.007594,2,18,HOME04 HOME06 HOME08 HOME12 HOME15 HOME19 OFFICE01 OFFICE02 OFFICE03 OFFICE05 LAB01 LAB04 LAB05
trigger,phone,lock,PersonTracker,DoorLock,0,1332,0.007577,1,18,HOME02 HOME03 HOME04 HOME05 HOME06 HOME07 HOME08 HOME11 HOME13 HOME15 HOME16 HOME18 HOME19 OFFICE01 OFFICE02 OFFICE05 OFFICE06 LAB04
trigger,arrive,switch,PersonTracker,Switch,11766,0,0.007178,36,17,HOME02 HOME03 HOME04 HOME05 HOME06 HOME07 HOME08 HOME11 HOME13 HOME15 HOME16 HOME18 HOME19 HOME20 OFFICE01 OFFICE02 OFFICE05 OFFICE06 LAB01 LAB04
trigger,presence,light.on,PresenceSensor,Light,145,222,0.007050,3,14,HOME04 HOME06 HOME08 HOME12 HOME15 HOME19 OFFICE01 OFFICE02 OFFICE03 OFFICE05 LAB01 LAB04 LAB05
trigger,time,vacuum,Clock,RobotVacuumCleaner,208,158,0.007045,4,17,HOME02 HOME03 HOME04 HOME05 HOME06 HOME07 HOME08 HOME12 HOME13 HOME15 HOME18 LAB01
trigger,button,switch,Button,Switch,41085,0,0.006869,35,16,HOME01 HOME02 HOME03 HOME04 HOME05 HOME06 HOME07 HOME08 HOME09 HOME10 HOME11 HOME12 HOME13 HOME15 HOME16 HOME18 HOME19 HOME20 OFFICE01 OFFICE05 OFFICE06 LAB01 LAB02 LAB03 LAB04 LAB05 FARM01 FARM04 FACT01 FACT02
trigger,weather,light.on,WeatherProvider,Light,18779,0,0.006854,37,13,HOME01 HOME02 HOME03 HOME04 HOME05 HOME06 HOME07 HOME08 HOME09 HOME10 HOME12 HOME13 HOME15 HOME16 HOME18 HOME19 OFFICE01 OFFICE02 OFFICE03 OFFICE05 LAB01 LAB03 FARM02 FARM03 FACT01 FACT05
trigger,arrive,thermostat,PersonTracker,Thermostat,38582,0,0.006842,37,16,HOME02 HOME05 HOME06 HOME07 HOME11 HOME16 HOME18 HOME19 HOME20 OFFICE01 OFFICE06
trigger,weather,light.color,WeatherProvider,Light,40311,0,0.006564,34,13,HOME01 HOME02 HOME03 HOME04 HOME05 HOME06 HOME07 HOME08 HOME09 HOME10 HOME12 HOME13 HOME15 HOME16 HOME18 HOME19 OFFICE01 OFFICE02 OFFICE03 OFFICE05 LAB01 LAB03 FARM02 FARM03 FACT01 FACT05
trigger,button,fan,Button,Fan,49,73,0.006452,3,15,HOME01 HOME03 HOME04 HOME05 HOME06 HOME08 HOME09 HOME10 HOME12 HOME13 HOME19 HOME20 OFFICE01
trigger,contact,cover,ContactSensor,WindowCovering,0,79,0.006166,1,15,HOME03 HOME04 HOME05 HOME06 HOME08 HOME09 HOME11 HOME13 HOME15 HOME18 HOME19 OFFICE01
trigger,smoke,thermostat,SmokeDetector,Thermostat,39617,0,0.006071,30,15,HOME05 HOME06 HOME07 HOME14 HOME18 HOME20
trigger,motion,light.color,MotionSensor,Light,5908,0,0.005606,30,11,HOME01 HOME05 HOME06 HOME08 HOME09 HOME10 HOME12 HOME16 HOME17 HOME18 OFFICE06 LAB01 FARM03 FACT02
trigger,time,light.off,Clock,Light,17795,0,0.005592,29,11,HOME01 HOME02 HOME03 HOME04 HOME05 HOME06 HOME07 HOME08 HOME09 HOME10 HOME11 HOME12 HOME13 HOME14 HOME15 HOME16 HOME17 HOME18 HOME19 HOME20 OFFICE01 OFFICE02 OFFICE03 OFFICE04 OFFICE05 OFFICE06 LAB01 LAB02 LAB03 LAB04 LAB05 FARM02 FARM03 FACT01 FACT02 FACT03 FACT04 FACT05
trigger,button,camera,Button,Camera,26249,0,0.005005,27,13,HOME06 HOME07 HOME08 HOME09 HOME15 HOME16 HOME18 HOME19 OFFICE05 OFFICE06 LAB01 LAB02 LAB03 LAB04 LAB05 FARM01 FARM04 FACT01 FACT02
trigger,weather,thermostat,WeatherProvider,Thermostat,13583,0,0.004779,24,12,HOME02 HOME05 HOME06 HOME07 HOME16 HOME18 HOME19 OFFICE01
trigger,security,light.color,Camera,Light,2928,0,0.004625,25,9,HOME06 HOME07 HOME08 HOME09 HOME15 HOME16 HOME18 HOME19 OFFICE03 OFFICE05 OFFICE06 LAB01 LAB02 LAB03 LAB04 LAB05 FARM02 FARM03 FACT01 FACT02 FACT03 FACT04 FACT05
trigger,button,light.color,Button,Light,63552,0,0.004485,21,8,HOME01 HOME02 HOME03 HOME04 HOME05 HOME06 HOME07 HOME08 HOME09 HOME10 HOME11 HOME12 HOME13 HOME15 HOME16 HOME18 HOME19 HOME20 OFFICE01 OFFICE05 OFFICE06 LAB01 LAB02 LAB03 LAB04 LAB05 FACT01 FACT02
trigger,security,notify,Camera,NotificationProvider,13762,0,0.004383,22,11,HOME06 HOME07 HOME08 HOME09 HOME15 HOME16 HOME18 HOME19 OFFICE03 OFFICE05 OFFICE06 LAB01 LAB02 LAB03 LAB04 LAB05 FARM01 FARM02 FARM03 FARM04 FACT01 FACT02 FACT03 FACT04 FACT05
trigger,button,notify,Button,NotificationProvider,130251,0,0.003948,19,10,HOME01 HOME02 HOME03 HOME04 HOME05 HOME06 HOME07 HOME08 HOME09 HOME10 HOME11 HOME12 HOME13 HOME15 HOME16 HOME18 HOME19 HOME20 OFFICE01 OFFICE05 OFFICE06 LAB01 LAB02 LAB03 LAB04 LAB05 FARM01 FARM04 FACT01 FACT02
trigger,button,thermostat,Button,Thermostat,61928,0,0.003828,19,10,HOME02 HOME05 HOME06 HOME07 HOME11 HOME16 HOME18 HOME19 HOME20 OFFICE01 OFFICE06
trigger,arrive,light.scene,PersonTracker,Light,4647,0,0.003739,20,8,HOME02 HOME03 HOME04 HOME05 HOME06 HOME07 HOME08 HOME11 HOME13 HOME15 HOME16 HOME18 HOME19 HOME20 OFFICE01 OFFICE02 OFFICE05 OFFICE06 LAB01 LAB04
trigger,phone,notify,PersonTracker,NotificationProvider,26664,0,0.003498,17,10,HOME02 HOME03 HOME04 HOME05 HOME06 HOME07 HOME08 HOME11 HOME13 HOME15 HOME16 HOME18 HOME19 HOME20 OFFICE01 OFFICE02 OFFICE05 OFFICE06 LAB01 LAB04
trigger,sun,switch,SunProvider,Switch,12448,0,0.003434,18,9,HOME01 HOME02 HOME03 HOME04 HOME05 HOME06 HOME07 HOME08 HOME09 HOME10 HOME11 HOME12 HOME13 HOME14 HOME15 HOME16 HOME17 HOME18 HOME19 HOME20 OFFICE01 OFFICE02 OFFICE03 OFFICE04 OFFICE05 OFFICE06 LAB01 LAB02 LAB03 LAB04 LAB05 FARM01 FARM02 FARM03 FARM04 FACT01 FACT02 FACT03 FACT04 FACT05
trigger,time,switch,Clock,Switch,3673,0,0.003347,18,9,HOME01 HOME02 HOME03 HOME04 HOME05 HOME06 HOME07 HOME08 HOME09 HOME10 HOME11 HOME12 HOME13 HOME14 HOME15 HOME16 HOME17 HOME18 HOME19 HOME20 OFFICE01 OFFICE02 OFFICE03 OFFICE04 OFFICE05 OFFICE06 LAB01 LAB02 LAB03 LAB04 LAB05 FARM01 FARM02 FARM03 FARM04 FACT01 FACT02 FACT03 FACT04 FACT05
trigger,security,camera,Camera,Camera,4330,0,0.003318,17,9,HOME06 HOME07 HOME08 HOME09 HOME15 HOME16 HOME18 HOME19 OFFICE03 OFFICE05 OFFICE06 LAB01 LAB02 LAB03 LAB04 LAB05 FARM01 FARM02 FARM03 FARM04 FACT01 FACT02 FACT03 FACT04 FACT05
trigger,motion,thermostat,MotionSensor,Thermostat,8447,0,0.003244,16,9,HOME05 HOME06 HOME16 HOME18 OFFICE06
trigger,threshold,light.on,TemperatureSensor,Light,7893,0,0.003226,17,7,HOME01 HOME02 HOME03 HOME04 HOME05 HOME06 HOME07 HOME08 HOME09 HOME10 HOME11 HOME12 HOME13 HOME14 HOME15 HOME16 HOME17 HOME18 HOME19 HOME20 OFFICE01 OFFICE02 OFFICE03 OFFICE04 OFFICE05 OFFICE06 LAB01 LAB02 LAB03 LAB04 LAB05 FARM02 FARM03 FACT01 FACT02 FACT03 FACT04 FACT05
trigger,finished,light.color,LaundryWasher,Light,2186,0,0.003081,17,7,HOME02 HOME06 HOME07 HOME12 HOME18
trigger,security,light.on,Camera,Light,5007,0,0.003056,16,7,HOME06 HOME07 HOME08 HOME09 HOME15 HOME16 HOME18 HOME19 OFFICE03 OFFICE05 OFFICE06 LAB01 LAB02 LAB03 LAB04 LAB05 FARM02 FARM03 FACT01 FACT02 FACT03 FACT04 FACT05
trigger,arrive,media,PersonTracker,Television,239650,0,0.003042,15,9,HOME02 HOME03 HOME04 HOME06 HOME07 HOME08 HOME11 HOME13 HOME15 HOME18
trigger,arrive,camera,PersonTracker,Camera,12040,0,0.003018,16,9,HOME06 HOME07 HOME08 HOME15 HOME16 HOME18 HOME19 OFFICE05 OFFICE06 LAB01 LAB04
trigger,sun,light.off,SunProvider,Light,3579,0,0.002890,16,6,HOME01 HOME02 HOME03 HOME04 HOME05 HOME06 HOME07 HOME08 HOME09 HOME10 HOME11 HOME12 HOME13 HOME14 HOME15 HOME16 HOME17 HOME18 HOME19 HOME20 OFFICE01 OFFICE02 OFFICE03 OFFICE04 OFFICE05 OFFICE06 LAB01 LAB02 LAB03 LAB04 LAB05 FARM02 FARM03 FACT01 FACT02 FACT03 FACT04 FACT05
trigger,time,thermostat,Clock,Thermostat,2885,0,0.002753,15,8,HOME02 HOME05 HOME06 HOME07 HOME11 HOME14 HOME16 HOME18 HOME19 HOME20 OFFICE01 OFFICE06
trigger,arrive,light.color,PersonTracker,Light,17245,0,0.002554,12,6,HOME02 HOME03 HOME04 HOME05 HOME06 HOME07 HOME08 HOME11 HOME13 HOME15 HOME16 HOME18 HOME19 HOME20 OFFICE01 OFFICE02 OFFICE05 OFFICE06 LAB01 LAB04
trigger,contact,lock,ContactSensor,DoorLock,2795,0,0.002533,13,8,HOME01 HOME02 HOME03 HOME04 HOME05 HOME06 HOME07 HOME08 HOME09 HOME10 HOME11 HOME12 HOME13 HOME15 HOME16 HOME18 HOME19 OFFICE01 OFFICE03 OFFICE06 LAB02 LAB03 FARM04
trigger,arrive,plug,PersonTracker,Plug,5306,0,0.002533,13,8,HOME08 HOME11 HOME15 HOME19 LAB01 LAB04
trigger,button,plug,Button,Plug,3750,0,0.002424,13,6,HOME01 HOME08 HOME11 HOME15 HOME19 LAB01 LAB02 LAB03 LAB04 LAB05
trigger,leave,light.off,PersonTracker,Light,8864,0,0.002421,12,5,HOME02 HOME03 HOME04 HOME05 HOME06 HOME07 HOME08 HOME11 HOME13 HOME15 HOME16 HOME18 HOME19 HOME20 OFFICE01 OFFICE02 OFFICE05 OFFICE06 LAB01 LAB04
trigger,power,plug,PowerMeter,Plug,1364,0,0.002420,14,6,HOME01 HOME08 HOME11 HOME15 HOME19 LAB01 LAB02 LAB04 LAB05
trigger,time,plug,Clock,Plug,1880,0,0.002419,14,6,HOME01 HOME08 HOME11 HOME15 HOME17 HOME19 LAB01 LAB02 LAB03 LAB04 LAB05
trigger,doorbell,light.color,Doorbell,Light,18601,0,0.002312,11,5,HOME06 HOME10 HOME18
trigger,time,light.scene,Clock,Light,2712,0,0.002304,13,5,HOME01 HOME02 HOME03 HOME04 HOME05 HOME06 HOME07 HOME08 HOME09 HOME10 HOME11 HOME12 HOME13 HOME14 HOME15 HOME16 HOME17 HOME18 HOME19 HOME20 OFFICE01 OFFICE02 OFFICE03 OFFICE04 OFFICE05 OFFICE06 LAB01 LAB02 LAB03 LAB04 LAB05 FARM02 FARM03 FACT01 FACT02 FACT03 FACT04 FACT05
trigger,doorbell,camera,Doorbell,Camera,9557,0,0.002303,11,6,HOME06 HOME18
trigger,phone,media,PersonTracker,Television,16488,0,0.002220,11,6,HOME02 HOME03 HOME04 HOME06 HOME07 HOME08 HOME11 HOME13 HOME15 HOME18
trigger,sun,notify,SunProvider,NotificationProvider,26965,0,0.002212,11,6,HOME01 HOME02 HOME03 HOME04 HOME05 HOME06 HOME07 HOME08 HOME09 HOME10 HOME11 HOME12 HOME13 HOME14 HOME15 HOME16 HOME17 HOME18 HOME19 HOME20 OFFICE01 OFFICE02 OFFICE03 OFFICE04 OFFICE05 OFFICE06 LAB01 LAB02 LAB03 LAB04 LAB05 FARM01 FARM02 FARM03 FARM04 FACT01 FACT02 FACT03 FACT04 FACT05
trigger,leave,thermostat,PersonTracker,Thermostat,3339,0,0.002188,12,6,HOME02 HOME05 HOME06 HOME07 HOME11 HOME16 HOME18 HOME19 HOME20 OFFICE01 OFFICE06
trigger,sun,plug,SunProvider,Plug,1176,0,0.002138,12,6,HOME01 HOME08 HOME11 HOME15 HOME17 HOME19 LAB01 LAB02 LAB03 LAB04 LAB05
trigger,time,query,Clock,,10693,0,0.002110,11,6,HOME01 HOME02 HOME03 HOME04 HOME05 HOME06 HOME07 HOME08 HOME09 HOME10 HOME11 HOME12 HOME13 HOME14 HOME15 HOME16 HOME17 HOME18 HOME19 HOME20 OFFICE01 OFFICE02 OFFICE03 OFFICE04 OFFICE05 OFFICE06 LAB01 LAB02 LAB03 LAB04 LAB05 FARM01 FARM02 FARM03 FARM04 FACT01 FACT02 FACT03 FACT04 FACT05
trigger,sun,light.scene,SunProvider,Light,4319,0,0.002085,11,5,HOME01 HOME02 HOME03 HOME04 HOME05 HOME06 HOME07 HOME08 HOME09 HOME10 HOME11 HOME12 HOME13 HOME14 HOME15 HOME16 HOME17 HOME18 HOME19 HOME20 OFFICE01 OFFICE02 OFFICE03 OFFICE04 OFFICE05 OFFICE06 LAB01 LAB02 LAB03 LAB04 LAB05 FARM02 FARM03 FACT01 FACT02 FACT03 FACT04 FACT05
trigger,leave,switch,PersonTracker,Switch,1867,0,0.002076,11,6,HOME02 HOME03 HOME04 HOME05 HOME06 HOME07 HOME08 HOME11 HOME13 HOME15 HOME16 HOME18 HOME19 HOME20 OFFICE01 OFFICE02 OFFICE05 OFFICE06 LAB01 LAB04
trigger,button,light.off,Button,Light,3108,0,0.002033,11,5,HOME01 HOME02 HOME03 HOME04 HOME05 HOME06 HOME07 HOME08 HOME09 HOME10 HOME11 HOME12 HOME13 HOME15 HOME16 HOME18 HOME19 HOME20 OFFICE01 OFFICE05 OFFICE06 LAB01 LAB02 LAB03 LAB04 LAB05 FACT01 FACT02
trigger,weather,ac,WeatherProvider,AirConditioner,1249,0,0.002032,12,6,HOME01 HOME02 HOME03 HOME04 HOME05 HOME06 HOME07 HOME08 HOME09 HOME12 HOME13 HOME15 HOME18 HOME19 OFFICE01 OFFICE02 OFFICE03 OFFICE05 LAB01 FARM04
trigger,phone,light.on,PersonTracker,Light,3675,0,0.002021,10,5,HOME02 HOME03 HOME04 HOME05 HOME06 HOME07 HOME08 HOME11 HOME13 HOME15 HOME16 HOME18 HOME19 HOME20 OFFICE01 OFFICE02 OFFICE05 OFFICE06 LAB01 LAB04
trigger,finished,vacuum,LaundryWasher,RobotVacuumCleaner,921,0,0.001976,11,5,HOME02 HOME06 HOME07 HOME12 HOME18
trigger,leave,camera,PersonTracker,Camera,5376,0,0.001972,10,5,HOME06 HOME07 HOME08 HOME15 HOME16 HOME18 HOME19 OFFICE05 OFFICE06 LAB01 LAB04
trigger,security,lock,Camera,DoorLock,3696,0,0.001952,10,5,HOME06 HOME07 HOME08 HOME09 HOME15 HOME16 HOME18 HOME19 OFFICE03 OFFICE05 OFFICE06 LAB02 LAB03 LAB04 FARM04 FACT02
trigger,leave,light.on,PersonTracker,Light,15431,0,0.001914,9,4,HOME02 HOME03 HOME04 HOME05 HOME06 HOME07 HOME08 HOME11 HOME13 HOME15 HOME16 HOME18 HOME19 HOME20 OFFICE01 OFFICE02 OFFICE05 OFFICE06 LAB01 LAB04
trigger,threshold,ac,TemperatureSensor,AirConditioner,715,0,0.001892,11,5,HOME01 HOME02 HOME03 HOME04 HOME05 HOME06 HOME07 HOME08 HOME09 HOME11 HOME12 HOME13 HOME15 HOME17 HOME18 HOME19 HOME20 OFFICE01 OFFICE02 OFFICE03 OFFICE04 OFFICE05 OFFICE06 LAB01 LAB04 FARM04
trigger,sun,light.dim,SunProvider,Light,9025,0,0.001809,9,4,HOME01 HOME02 HOME03 HOME04 HOME05 HOME06 HOME07 HOME08 HOME09 HOME10 HOME11 HOME12 HOME13 HOME14 HOME15 HOME16 HOME17 HOME18 HOME19 HOME20 OFFICE01 OFFICE02 OFFICE03 OFFICE04 OFFICE05 OFFICE06 LAB01 LAB02 LAB03 LAB04 LAB05 FARM02 FARM03 FACT01 FACT02 FACT03 FACT04 FACT05
trigger,doorbell,light.on,Doorbell,Light,2215,0,0.001795,9,4,HOME06 HOME10 HOME18
trigger,weather,light.scene,WeatherProvider,Light,895,0,0.001638,9,4,HOME01 HOME02 HOME03 HOME04 HOME05 HOME06 HOME07 HOME08 HOME09 HOME10 HOME12 HOME13 HOME15 HOME16 HOME18 HOME19 OFFICE01 OFFICE02 OFFICE03 OFFICE05 LAB01 LAB03 FARM02 FARM03 FACT01 FACT05
trigger,button,ac,Button,AirConditioner,688,0,0.001612,9,5,HOME01 HOME02 HOME03 HOME04 HOME05 HOME06 HOME07 HOME08 HOME09 HOME11 HOME12 HOME13 HOME15 HOME18 HOME19 HOME20 OFFICE01 OFFICE05 OFFICE06 LAB01 LAB04 FARM04
trigger,threshold,camera,TemperatureSensor,Camera,1135,0,0.001591,9,5,HOME06 HOME07 HOME08 HOME09 HOME15 HOME16 HOME18 HOME19 OFFICE03 OFFICE05 OFFICE06 LAB01 LAB02 LAB03 LAB04 LAB05 FARM01 FARM02 FARM03 FARM04 FACT01 FACT02 FACT03 FACT04 FACT05
trigger,button,coffee,Button,CoffeeMaker,11981,0,0.001585,8,5,HOME19 HOME20 OFFICE01 OFFICE06
trigger,leave,notify,PersonTracker,NotificationProvider,12240,0,0.001496,7,5,HOME02 HOME03 HOME04 HOME05 HOME06 HOME07 HOME08 HOME11 HOME13 HOME15 HOME16 HOME18 HOME19 HOME20 OFFICE01 OFFICE02 OFFICE05 OFFICE06 LAB01 LAB04
trigger,smoke,light.on,SmokeDetector,Light,6202,0,0.001479,8,3,HOME03 HOME05 HOME06 HOME07 HOME10 HOME12 HOME14 HOME15 HOME18 HOME20 OFFICE02 OFFICE04 OFFICE05 LAB01 LAB02 FACT01 FACT02 FACT04
trigger,phone,switch,PersonTracker,Switch,321,0,0.001465,9,4,HOME02 HOME03 HOME04 HOME05 HOME06 HOME07 HOME08 HOME11 HOME13 HOME15 HOME16 HOME18 HOME19 HOME20 OFFICE01 OFFICE02 OFFICE05 OFFICE06 LAB01 LAB04
trigger,finished,media,LaundryWasher,Television,946,0,0.001429,8,4,HOME02 HOME06 HOME07 HOME12 HOME18
trigger,weather,cover,WeatherProvider,WindowCovering,1167,0,0.001419,8,4,HOME03 HOME04 HOME05 HOME06 HOME08 HOME09 HOME13 HOME15 HOME18 HOME19 OFFICE01 OFFICE02 OFFICE05 FARM01
trigger,motion,switch,MotionSensor,Switch,538,0,0.001412,8,4,HOME01 HOME05 HOME06 HOME08 HOME09 HOME10 HOME12 HOME16 HOME17 HOME18 OFFICE06 LAB01 FARM03 FACT02
trigger,power,thermostat,PowerMeter,Thermostat,643,0,0.001389,8,4,HOME11 HOME19
trigger,arrive,ac,PersonTracker,AirConditioner,438,0,0.001388,8,4,HOME02 HOME03 HOME04 HOME05 HOME06 HOME07 HOME08 HOME11 HOME13 HOME15 HOME18 HOME19 HOME20 OFFICE01 OFFICE02 OFFICE05 OFFICE06 LAB01 LAB04
trigger,weather,sprinkler,WeatherProvider,Sprinkler,372,0,0.001354,8,4,HOME06 HOME07 FARM01 FARM03
trigger,time,light.dim,Clock,Light,1247,0,0.001275,7,3,HOME01 HOME02 HOME03 HOME04 HOME05 HOME06 HOME07 HOME08 HOME09 HOME10 HOME11 HOME12 HOME13 HOME14 HOME15 HOME16 HOME17 HOME18 HOME19 HOME20 OFFICE01 OFFICE02 OFFICE03 OFFICE04 OFFICE05 OFFICE06 LAB01 LAB02 LAB03 LAB04 LAB05 FARM02 FARM03 FACT01 FACT02 FACT03 FACT04 FACT05
trigger,weather,light.dim,WeatherProvider,Light,2172,0,0.001257,6,3,HOME01 HOME02 HOME03 HOME04 HOME05 HOME06 HOME07 HOME08 HOME09 HOME10 HOME12 HOME13 HOME15 HOME16 HOME18 HOME19 OFFICE01 OFFICE02 OFFICE03 OFFICE05 LAB01 LAB03 FARM02 FARM03 FACT01 FACT05
trigger,presence,notify,PresenceSensor,NotificationProvider,3686,0,0.001166,6,4,HOME04 HOME06 HOME08 HOME12 HOME15 HOME19 OFFICE01 OFFICE02 OFFICE03 OFFICE05 LAB01 LAB04 LAB05
trigger,weather,query,WeatherProvider,,301,0,0.001165,7,4,HOME01 HOME02 HOME03 HOME04 HOME05 HOME06 HOME07 HOME08 HOME09 HOME10 HOME12 HOME13 HOME15 HOME16 HOME18 HOME19 OFFICE01 OFFICE02 OFFICE03 OFFICE05 LAB01 LAB03 FARM01 FARM02 FARM03 FARM04 FACT01 FACT05
trigger,contact,light.on,ContactSensor,Light,993,0,0.001153,6,3,HOME01 HOME02 HOME03 HOME04 HOME05 HOME06 HOME07 HOME08 HOME09 HOME10 HOME11 HOME12 HOME13 HOME14 HOME15 HOME16 HOME17 HOME18 HOME19 HOME20 OFFICE01 OFFICE03 OFFICE06 LAB01 LAB02 LAB03 FACT03
trigger,security,cover,Camera,WindowCovering,214,0,0.001152,7,4,HOME06 HOME08 HOME09 HOME15 HOME18 HOME19 OFFICE05 FARM01
trigger,threshold,light.off,TemperatureSensor,Light,840,0,0.001142,6,3,HOME01 HOME02 HOME03 HOME04 HOME05 HOME06 HOME07 HOME08 HOME09 HOME10 HOME11 HOME12 HOME13 HOME14 HOME15 HOME16 HOME17 HOME18 HOME19 HOME20 OFFICE01 OFFICE02 OFFICE03 OFFICE04 OFFICE05 OFFICE06 LAB01 LAB02 LAB03 LAB04 LAB05 FARM02 FARM03 FACT01 FACT02 FACT03 FACT04 FACT05
trigger,threshold,plug,TemperatureSensor,Plug,510,0,0.001050,6,4,HOME01 HOME08 HOME11 HOME15 HOME17 HOME19 LAB01 LAB02 LAB03 LAB04 LAB05
trigger,arrive,light.dim,PersonTracker,Light,539,0,0.001046,6,3,HOME02 HOME03 HOME04 HOME05 HOME06 HOME07 HOME08 HOME11 HOME13 HOME15 HOME16 HOME18 HOME19 HOME20 OFFICE01 OFFICE02 OFFICE05 OFFICE06 LAB01 LAB04
trigger,arrive,vacuum,PersonTracker,RobotVacuumCleaner,5324,0,0.001022,5,4,HOME02 HOME03 HOME04 HOME05 HOME06 HOME07 HOME08 HOME13 HOME15 HOME18 LAB01
trigger,weather,camera,WeatherProvider,Camera,1826,0,0.001004,5,4,HOME06 HOME07 HOME08 HOME09 HOME15 HOME16 HOME18 HOME19 OFFICE03 OFFICE05 LAB01 LAB03 FARM01 FARM02 FARM03 FARM04 FACT01 FACT05
trigger,threshold,light.scene,TemperatureSensor,Light,241,0,0.001002,6,3,HOME01 HOME02 HOME03 HOME04 HOME05 HOME06 HOME07 HOME08 HOME09 HOME10 HOME11 HOME12 HOME13 HOME14 HOME15 HOME16 HOME17 HOME18 HOME19 HOME20 OFFICE01 OFFICE02 OFFICE03 OFFICE04 OFFICE05 OFFICE06 LAB01 LAB02 LAB03 LAB04 LAB05 FARM02 FARM03 FACT01 FACT02 FACT03 FACT04 FACT05
trigger,weather,switch,WeatherProvider,Switch,158,0,0.000963,6,3,HOME01 HOME02 HOME03 HOME04 HOME05 HOME06 HOME07 HOME08 HOME09 HOME10 HOME12 HOME13 HOME15 HOME16 HOME18 HOME19 OFFICE01 OFFICE02 OFFICE03 OFFICE05 LAB01 LAB03 FARM01 FARM02 FARM03 FARM04 FACT01 FACT05
trigger,doorbell,notify,Doorbell,NotificationProvider,893,0,0.000936,5,3,HOME06 HOME10 HOME18
trigger,button,lock,Button,DoorLock,1421,0,0.000882,5,3,HOME01 HOME02 HOME03 HOME04 HOME05 HOME06 HOME07 HOME08 HOME09 HOME10 HOME11 HOME12 HOME13 HOME15 HOME16 HOME18 HOME19 OFFICE01 OFFICE05 OFFICE06 LAB02 LAB03 LAB04 FARM04 FACT02
trigger,threshold,humidity,TemperatureSensor,Humidifier,371,0,0.000871,5,3,HOME09 HOME15 LAB01 FARM02 FARM03
trigger,weather,mower,WeatherProvider,Mower,30929,0,0.000870,4,3,HOME06 HOME07
trigger,weather,plug,WeatherProvider,Plug,310,0,0.000868,5,3,HOME01 HOME08 HOME15 HOME19 LAB01 LAB03
trigger,motion,plug,MotionSensor,Plug,413,0,0.000751,4,3,HOME01 HOME08 HOME17 LAB01
trigger,smoke,light.color,SmokeDetector,Light,2513,0,0.000747,4,3,HOME03 HOME05 HOME06 HOME07 HOME10 HOME12 HOME14 HOME15 HOME18 HOME20 OFFICE02 OFFICE04 OFFICE05 LAB01 LAB02 FACT01 FACT02 FACT04
trigger,phone,light.color,PersonTracker,Light,30017,0,0.000731,3,3,HOME02 HOME03 HOME04 HOME05 HOME06 HOME07 HOME08 HOME11 HOME13 HOME15 HOME16 HOME18 HOME19 HOME20 OFFICE01 OFFICE02 OFFICE05 OFFICE06 LAB01 LAB04
trigger,finished,light.on,LaundryWasher,Light,556,0,0.000716,4,3,HOME02 HOME06 HOME07 HOME12 HOME18
trigger,time,garage,Clock,GarageDoor,3868,0,0.000704,4,3,HOME06 HOME07 HOME15 HOME16 HOME18 FACT02
trigger,button,cover,Button,WindowCovering,197,0,0.000686,4,3,HOME03 HOME04 HOME05 HOME06 HOME08 HOME09 HOME11 HOME13 HOME15 HOME18 HOME19 OFFICE01 OFFICE05 FARM01
trigger,leave,ac,PersonTracker,AirConditioner,184,0,0.000685,4,3,HOME02 HOME03 HOME04 HOME05 HOME06 HOME07 HOME08 HOME11 HOME13 HOME15 HOME18 HOME19 HOME20 OFFICE01 OFFICE02 OFFICE05 OFFICE06 LAB01 LAB04
trigger,arrive,light.off,PersonTracker,Light,125,0,0.000664,4,3,HOME02 HOME03 HOME04 HOME05 HOME06 HOME07 HOME08 HOME11 HOME13 HOME15 HOME16 HOME18 HOME19 HOME20 OFFICE01 OFFICE02 OFFICE05 OFFICE06 LAB01 LAB04
trigger,leave,garage,PersonTracker,GarageDoor,8922,0,0.000643,3,3,HOME06 HOME07 HOME15 HOME16 HOME18
trigger,doorbell,media,Doorbell,Television,1530,0,0.000622,3,3,HOME06 HOME18
trigger,leave,vacuum,PersonTracker,RobotVacuumCleaner,5101,0,0.000603,3,3,HOME02 HOME03 HOME04 HOME05 HOME06 HOME07 HOME08 HOME13 HOME15 HOME18 LAB01
trigger,button,waterheater,Button,WaterHeater,415,0,0.000594,3,3,HOME05 HOME06 HOME07 HOME16
trigger,arrive,garage,PersonTracker,GarageDoor,510,0,0.000590,3,3,HOME06 HOME07 HOME15 HOME16 HOME18
trigger,sun,thermostat,SunProvider,Thermostat,766,0,0.000583,3,3,HOME02 HOME05 HOME06 HOME07 HOME11 HOME14 HOME16 HOME18 HOME19 HOME20 OFFICE01 OFFICE06
trigger,leave,light.color,PersonTracker,Light,12586,0,0.000551,2,3,HOME02 HOME03 HOME04 HOME05 HOME06 HOME07 HOME08 HOME11 HOME13 HOME15 HOME16 HOME18 HOME19 HOME20 OFFICE01 OFFICE02 OFFICE05 OFFICE06 LAB01 LAB04
trigger,button,siren,Button,Siren,226,0,0.000549,3,3,HOME06 HOME07 HOME10 HOME16 OFFICE05 OFFICE06 LAB02 LAB03 FACT01 FACT02
trigger,battery,light.color,Battery,Light,262,0,0.000548,3,3,HOME07 HOME15 LAB01 FARM02
trigger,security,garage,Camera,GarageDoor,178,0,0.000538,3,3,HOME06 HOME07 HOME15 HOME16 HOME18 FACT02
trigger,time,lock,Clock,DoorLock,948,0,0.000536,3,3,HOME01 HOME02 HOME03 HOME04 HOME05 HOME06 HOME07 HOME08 HOME09 HOME10 HOME11 HOME12 HOME13 HOME15 HOME16 HOME18 HOME19 OFFICE01 OFFICE02 OFFICE03 OFFICE04 OFFICE05 OFFICE06 LAB02 LAB03 LAB04 FARM04 FACT02
trigger,motion,light.off,MotionSensor,Light,210,0,0.000533,3,3,HOME01 HOME05 HOME06 HOME08 HOME09 HOME10 HOME12 HOME16 HOME17 HOME18 OFFICE06 LAB01 FARM03 FACT02
trigger,device,light.on,Switch,Light,147,0,0.000525,3,3,HOME01 HOME02 HOME03 HOME04 HOME05 HOME06 HOME07 HOME08 HOME09 HOME10 HOME11 HOME12 HOME13 HOME14 HOME15 HOME16 HOME17 HOME18 HOME19 HOME20 OFFICE01 OFFICE02 OFFICE03 OFFICE04 OFFICE05 OFFICE06 LAB01 LAB02 LAB03 LAB04 LAB05 FARM02 FARM03 FACT01 FACT02 FACT03 FACT04 FACT05
trigger,weather,fan,WeatherProvider,Fan,178,0,0.000522,3,3,HOME01 HOME03 HOME04 HOME05 HOME06 HOME08 HOME09 HOME10 HOME12 HOME13 HOME19 OFFICE01 FARM02
trigger,contact,thermostat,ContactSensor,Thermostat,124,0,0.000515,3,3,HOME02 HOME05 HOME06 HOME07 HOME11 HOME14 HOME16 HOME18 HOME19 HOME20 OFFICE01 OFFICE06
trigger,threshold,switch,TemperatureSensor,Switch,235,0,0.000514,3,3,HOME01 HOME02 HOME03 HOME04 HOME05 HOME06 HOME07 HOME08 HOME09 HOME10 HOME11 HOME12 HOME13 HOME14 HOME15 HOME16 HOME17 HOME18 HOME19 HOME20 OFFICE01 OFFICE02 OFFICE03 OFFICE04 OFFICE05 OFFICE06 LAB01 LAB02 LAB03 LAB04 LAB05 FARM01 FARM02 FARM03 FARM04 FACT01 FACT02 FACT03 FACT04 FACT05
trigger,arrive,cover,PersonTracker,WindowCovering,199,0,0.000513,3,3,HOME03 HOME04 HOME05 HOME06 HOME08 HOME11 HOME13 HOME15 HOME18 HOME19 OFFICE01 OFFICE02 OFFICE05
trigger,time,coffee,Clock,CoffeeMaker,286,0,0.000512,3,3,HOME19 HOME20 OFFICE01 OFFICE02 OFFICE04 OFFICE06
trigger,leave,lock,PersonTracker,DoorLock,176,0,0.000510,3,3,HOME02 HOME03 HOME04 HOME05 HOME06 HOME07 HOME08 HOME11 HOME13 HOME15 HOME16 HOME18 HOME19 OFFICE01 OFFICE02 OFFICE05 OFFICE06 LAB04
trigger,weather,garage,WeatherProvider,GarageDoor,106,0,0.000509,3,3,HOME06 HOME07 HOME15 HOME16 HOME18
trigger,contact,camera,ContactSensor,Camera,177,0,0.000505,3,3,HOME06 HOME07 HOME08 HOME09 HOME15 HOME16 HOME18 HOME19 OFFICE03 OFFICE06 LAB01 LAB02 LAB03 FARM04 FACT03
trigger,button,vacuum,Button,RobotVacuumCleaner,12042,0,0.000499,2,3,HOME02 HOME03 HOME04 HOME05 HOME06 HOME07 HOME08 HOME12 HOME13 HOME15 HOME18 LAB01
trigger,time,ac,Clock,AirConditioner,103,0,0.000497,3,3,HOME01 HOME02 HOME03 HOME04 HOME05 HOME06 HOME07 HOME08 HOME09 HOME11 HOME12 HOME13 HOME15 HOME17 HOME18 HOME19 HOME20 OFFICE01 OFFICE02 OFFICE03 OFFICE04 OFFICE05 OFFICE06 LAB01 LAB04 FARM04
trigger,timer,notify,Clock,NotificationProvider,137,0,0.000494,3,3,HOME01 HOME02 HOME03 HOME04 HOME05 HOME06 HOME07 HOME08 HOME09 HOME10 HOME11 HOME12 HOME13 HOME14 HOME15 HOME16 HOME17 HOME18 HOME19 HOME20 OFFICE01 OFFICE02 OFFICE03 OFFICE04 OFFICE05 OFFICE06 LAB01 LAB02 LAB03 LAB04 LAB05 FARM01 FARM02 FARM03 FARM04 FACT01 FACT02 FACT03 FACT04 FACT05
trigger,battery,switch,Battery,Switch,125761,0,0.000486,2,3,HOME07 HOME15 LAB01 FARM02
trigger,power,media,PowerMeter,Television,91,0,0.000482,3,3,HOME08 HOME11 HOME15
trigger,power,speaker,PowerMeter,Speaker,90,0,0.000482,3,3,HOME01 HOME08 HOME11 HOME15 HOME19 LAB01 LAB02 LAB04 LAB05 FACT01 FACT03 FACT04
trigger,weather,light.off,WeatherProvider,Light,63,0,0.000478,3,3,HOME01 HOME02 HOME03 HOME04 HOME05 HOME06 HOME07 HOME08 HOME09 HOME10 HOME12 HOME13 HOME15 HOME16 HOME18 HOME19 OFFICE01 OFFICE02 OFFICE03 OFFICE05 LAB01 LAB03 FARM02 FARM03 FACT01 FACT05
trigger,sun,fan,SunProvider,Fan,1718,0,0.000467,2,3,HOME01 HOME03 HOME04 HOME05 HOME06 HOME08 HOME09 HOME10 HOME12 HOME13 HOME14 HOME17 HOME19 HOME20 OFFICE01 OFFICE04 FARM02
trigger,motion,light.dim,MotionSensor,Light,51,0,0.000463,3,3,HOME01 HOME05 HOME06 HOME08 HOME09 HOME10 HOME12 HOME16 HOME17 HOME18 OFFICE06 LAB01 FARM03 FACT02
trigger,arrive,query,PersonTracker,,9417,0,0.000455,2,3,HOME02 HOME03 HOME04 HOME05 HOME06 HOME07 HOME08 HOME11 HOME13 HOME15 HOME16 HOME18 HOME19 HOME20 OFFICE01 OFFICE02 OFFICE05 OFFICE06 LAB01 LAB04
trigger,arrive,lock,PersonTracker,DoorLock,1631,0,0.000434,2,3,HOME02 HOME03 HOME04 HOME05 HOME06 HOME07 HOME08 HOME11 HOME13 HOME15 HOME16 HOME18 HOME19 OFFICE01 OFFICE02 OFFICE05 OFFICE06 LAB04
trigger,time,speaker,Clock,Speaker,4212,0,0.000430,2,3,HOME01 HOME02 HOME03 HOME04 HOME05 HOME06 HOME07 HOME08 HOME09 HOME10 HOME11 HOME12 HOME13 HOME14 HOME15 HOME17 HOME18 HOME19 HOME20 OFFICE01 OFFICE02 OFFICE03 OFFICE04 OFFICE05 OFFICE06 LAB01 LAB02 LAB03 LAB04 LAB05 FARM01 FARM02 FARM04 FACT01 FACT02 FACT03 FACT04 FACT05
trigger,motion,light.scene,MotionSensor,Light,336,0,0.000404,2,3,HOME01 HOME05 HOME06 HOME08 HOME09 HOME10 HOME12 HOME16 HOME17 HOME18 OFFICE06 LAB01 FARM03 FACT02
trigger,time,sprinkler,Clock,Sprinkler,522,0,0.000403,2,3,HOME06 HOME07 FARM01 FARM03
trigger,smoke,notify,SmokeDetector,NotificationProvider,217,0,0.000386,2,3,HOME03 HOME05 HOME06 HOME07 HOME10 HOME12 HOME14 HOME15 HOME18 HOME20 OFFICE02 OFFICE04 OFFICE05 LAB01 LAB02 FACT01 FACT02 FACT04
trigger,contact,light.scene,ContactSensor,Light,205,0,0.000366,2,3,HOME01 HOME02 HOME03 HOME04 HOME05 HOME06 HOME07 HOME08 HOME09 HOME10 HOME11 HOME12 HOME13 HOME14 HOME15 HOME16 HOME17 HOME18 HOME19 HOME20 OFFICE01 OFFICE03 OFFICE06 LAB01 LAB02 LAB03 FACT03
trigger,weather,humidity,WeatherProvider,Humidifier,136,0,0.000366,2,3,HOME09 HOME15 LAB01 FARM02 FARM03
trigger,leave,query,PersonTracker,,220777,0,0.000352,1,3,HOME02 HOME03 HOME04 HOME05 HOME06 HOME07 HOME08 HOME11 HOME13 HOME15 HOME16 HOME18 HOME19 HOME20 OFFICE01 OFFICE02 OFFICE05 OFFICE06 LAB01 LAB04
trigger,arrive,purifier,PersonTracker,AirPurifier,83,0,0.000346,2,3,HOME02 HOME03 HOME04 HOME08 HOME13 HOME15 HOME19 OFFICE01 OFFICE02 LAB01
trigger,arrive,speaker,PersonTracker,Speaker,80,0,0.000346,2,3,HOME02 HOME03 HOME04 HOME05 HOME06 HOME07 HOME08 HOME11 HOME13 HOME15 HOME18 HOME19 HOME20 OFFICE01 OFFICE02 OFFICE05 OFFICE06 LAB01 LAB04
trigger,finished,purifier,LaundryWasher,AirPurifier,88,0,0.000345,2,3,HOME02
trigger,leave,cover,PersonTracker,WindowCovering,88,0,0.000344,2,3,HOME03 HOME04 HOME05 HOME06 HOME08 HOME11 HOME13 HOME15 HOME18 HOME19 OFFICE01 OFFICE02 OFFICE05
trigger,leave,light.dim,PersonTracker,Light,76,0,0.000342,2,3,HOME02 HOME03 HOME04 HOME05 HOME06 HOME07 HOME08 HOME11 HOME13 HOME15 HOME16 HOME18 HOME19 HOME20 OFFICE01 OFFICE02 OFFICE05 OFFICE06 LAB01 LAB04
trigger,leave,plug,PersonTracker,Plug,93,0,0.000342,2,3,HOME08 HOME11 HOME15 HOME19 LAB01 LAB04
trigger,calendar,media,CalendarProvider,Television,94,0,0.000341,2,3,HOME15
trigger,device,light.color,Switch,Light,69,0,0.000340,2,3,HOME01 HOME02 HOME03 HOME04 HOME05 HOME06 HOME07 HOME08 HOME09 HOME10 HOME11 HOME12 HOME13 HOME14 HOME15 HOME16 HOME17 HOME18 HOME19 HOME20 OFFICE01 OFFICE02 OFFICE03 OFFICE04 OFFICE05 OFFICE06 LAB01 LAB02 LAB03 LAB04 LAB05 FARM02 FARM03 FACT01 FACT02 FACT03 FACT04 FACT05
trigger,threshold,purifier,TemperatureSensor,AirPurifier,64,0,0.000337,2,3,HOME02 HOME03 HOME04 HOME08 HOME09 HOME13 HOME15 HOME19 OFFICE01 OFFICE02 OFFICE04 LAB01 LAB03
trigger,phone,cover,PersonTracker,WindowCovering,46,0,0.000317,2,3,HOME03 HOME04 HOME05 HOME06 HOME08 HOME11 HOME13 HOME15 HOME18 HOME19 OFFICE01 OFFICE02 OFFICE05
trigger,timer,light.color,Clock,Light,36,0,0.000313,2,3,HOME01 HOME02 HOME03 HOME04 HOME05 HOME06 HOME07 HOME08 HOME09 HOME10 HOME11 HOME12 HOME13 HOME14 HOME15 HOME16 HOME17 HOME18 HOME19 HOME20 OFFICE01 OFFICE02 OFFICE03 OFFICE04 OFFICE05 OFFICE06 LAB01 LAB02 LAB03 LAB04 LAB05 FARM02 FARM03 FACT01 FACT02 FACT03 FACT04 FACT05
trigger,finished,switch,LaundryWasher,Switch,41,0,0.000313,2,3,HOME02 HOME06 HOME07 HOME12 HOME18
trigger,calendar,light.color,CalendarProvider,Light,29,0,0.000304,2,3,HOME15 HOME19 OFFICE01 OFFICE02 OFFICE03 OFFICE04 OFFICE05 OFFICE06 LAB01 LAB03 LAB04 FACT01
trigger,security,thermostat,Camera,Thermostat,26,0,0.000300,2,3,HOME06 HOME07 HOME16 HOME18 HOME19 OFFICE06
trigger,presence,thermostat,PresenceSensor,Thermostat,25,0,0.000299,2,3,HOME06 HOME19 OFFICE01
trigger,contact,switch,ContactSensor,Switch,24,0,0.000298,2,3,HOME01 HOME02 HOME03 HOME04 HOME05 HOME06 HOME07 HOME08 HOME09 HOME10 HOME11 HOME12 HOME13 HOME14 HOME15 HOME16 HOME17 HOME18 HOME19 HOME20 OFFICE01 OFFICE03 OFFICE06 LAB01 LAB02 LAB03 FARM04 FACT03
trigger,sun,mower,SunProvider,Mower,2891,0,0.000262,1,3,HOME06 HOME07
trigger,arrive,coffee,PersonTracker,CoffeeMaker,1683,0,0.000250,1,3,HOME19 HOME20 OFFICE01 OFFICE02 OFFICE06
trigger,timer,camera,Clock,Camera,786,0,0.000234,1,3,HOME06 HOME07 HOME08 HOME09 HOME15 HOME16 HOME18 HOME19 OFFICE03 OFFICE05 OFFICE06 LAB01 LAB02 LAB03 LAB04 LAB05 FARM01 FARM02 FARM03 FARM04 FACT01 FACT02 FACT03 FACT04 FACT05
trigger,leave,media,PersonTracker,Television,538,0,0.000227,1,3,HOME02 HOME03 HOME04 HOME06 HOME07 HOME08 HOME11 HOME13 HOME15 HOME18
trigger,security,media,Camera,Television,227,0,0.000209,1,3,HOME06 HOME07 HOME08 HOME15 HOME18
trigger,doorbell,light.dim,Doorbell,Light,208,0,0.000207,1,3,HOME06 HOME10 HOME18
trigger,phone,light.off,PersonTracker,Light,187,0,0.000205,1,3,HOME02 HOME03 HOME04 HOME05 HOME06 HOME07 HOME08 HOME11 HOME13 HOME15 HOME16 HOME18 HOME19 HOME20 OFFICE01 OFFICE02 OFFICE05 OFFICE06 LAB01 LAB04
trigger,threshold,media,TemperatureSensor,Television,176,0,0.000203,1,3,HOME02 HOME03 HOME04 HOME06 HOME07 HOME08 HOME11 HOME12 HOME13 HOME14 HOME15 HOME18
trigger,sun,media,SunProvider,Television,148,0,0.000200,1,3,HOME02 HOME03 HOME04 HOME06 HOME07 HOME08 HOME11 HOME12 HOME13 HOME14 HOME15 HOME18
trigger,doorbell,thermostat,Doorbell,Thermostat,131,0,0.000197,1,3,HOME06 HOME18
trigger,security,plug,Camera,Plug,109,0,0.000193,1,3,HOME08 HOME15 HOME19 LAB01 LAB02 LAB03 LAB04 LAB05
trigger,presence,switch,PresenceSensor,Switch,103,0,0.000192,1,3,HOME04 HOME06 HOME08 HOME12 HOME15 HOME19 OFFICE01 OFFICE02 OFFICE03 OFFICE05 LAB01 LAB04 LAB05
trigger,threshold,garage,TemperatureSensor,GarageDoor,94,0,0.000190,1,3,HOME06 HOME07 HOME15 HOME16 HOME18 FACT02
trigger,power,light.off,PowerMeter,Light,75,0,0.000186,1,3,HOME01 HOME08 HOME11 HOME15 HOME19 LAB01 LAB02 LAB04 LAB05 FACT01 FACT03 FACT04
trigger,timer,ac,Clock,AirConditioner,59,0,0.000181,1,3,HOME01 HOME02 HOME03 HOME04 HOME05 HOME06 HOME07 HOME08 HOME09 HOME11 HOME12 HOME13 HOME15 HOME17 HOME18 HOME19 HOME20 OFFICE01 OFFICE02 OFFICE03 OFFICE04 OFFICE05 OFFICE06 LAB01 LAB04 FARM04
trigger,timer,light.off,Clock,Light,55,0,0.000179,1,3,HOME01 HOME02 HOME03 HOME04 HOME05 HOME06 HOME07 HOME08 HOME09 HOME10 HOME11 HOME12 HOME13 HOME14 HOME15 HOME16 HOME17 HOME18 HOME19 HOME20 OFFICE01 OFFICE02 OFFICE03 OFFICE04 OFFICE05 OFFICE06 LAB01 LAB02 LAB03 LAB04 LAB05 FARM02 FARM03 FACT01 FACT02 FACT03 FACT04 FACT05
trigger,power,light.on,PowerMeter,Light,52,0,0.000178,1,3,HOME01 HOME08 HOME11 HOME15 HOME19 LAB01 LAB02 LAB04 LAB05 FACT01 FACT03 FACT04
trigger,presence,camera,PresenceSensor,Camera,41,0,0.000173,1,3,HOME06 HOME08 HOME15 HOME19 OFFICE03 OFFICE05 LAB01 LAB04 LAB05
trigger,motion,media,MotionSensor,Television,39,0,0.000172,1,3,HOME06 HOME08 HOME12 HOME18
trigger,device,notify,Switch,NotificationProvider,38,0,0.000172,1,3,HOME01 HOME02 HOME03 HOME04 HOME05 HOME06 HOME07 HOME08 HOME09 HOME10 HOME11 HOME12 HOME13 HOME14 HOME15 HOME16 HOME17 HOME18 HOME19 HOME20 OFFICE01 OFFICE02 OFFICE03 OFFICE04 OFFICE05 OFFICE06 LAB01 LAB02 LAB03 LAB04 LAB05 FARM01 FARM02 FARM03 FARM04 FACT01 FACT02 FACT03 FACT04 FACT05
trigger,calendar,light.scene,CalendarProvider,Light,38,0,0.000172,1,3,HOME15 HOME19 OFFICE01 OFFICE02 OFFICE03 OFFICE04 OFFICE05 OFFICE06 LAB01 LAB03 LAB04 FACT01
trigger,battery,plug,Battery,Plug,38,0,0.000172,1,3,HOME15 LAB01
trigger,button,query,Button,,35,0,0.000170,1,3,HOME01 HOME02 HOME03 HOME04 HOME05 HOME06 HOME07 HOME08 HOME09 HOME10 HOME11 HOME12 HOME13 HOME15 HOME16 HOME18 HOME19 HOME20 OFFICE01 OFFICE05 OFFICE06 LAB01 LAB02 LAB03 LAB04 LAB05 FARM01 FARM04 FACT01 FACT02
trigger,sun,camera,SunProvider,Camera,34,0,0.000170,1,3,HOME06 HOME07 HOME08 HOME09 HOME15 HOME16 HOME18 HOME19 OFFICE03 OFFICE05 OFFICE06 LAB01 LAB02 LAB03 LAB04 LAB05 FARM01 FARM02 FARM03 FARM04 FACT01 FACT02 FACT03 FACT04 FACT05
trigger,leak,light.color,LeakSensor,Light,33,0,0.000169,1,3,HOME06 HOME07 HOME14 HOME16 LAB02 FACT05
trigger,arrive,fan,PersonTracker,Fan,31,0,0.000168,1,3,HOME03 HOME04 HOME05 HOME06 HOME08 HOME13 HOME19 HOME20 OFFICE01
trigger,phone,thermostat,PersonTracker,Thermostat,28,0,0.000166,1,3,HOME02 HOME05 HOME06 HOME07 HOME11 HOME16 HOME18 HOME19 HOME20 OFFICE01 OFFICE06
trigger,sun,humidity,SunProvider,Humidifier,28,0,0.000166,1,3,HOME09 HOME15 LAB01 FARM02 FARM03
trigger,power,light.color,PowerMeter,Light,26,0,0.000164,1,3,HOME01 HOME08 HOME11 HOME15 HOME19 LAB01 LAB02 LAB04 LAB05 FACT01 FACT03 FACT04
trigger,smoke,fan,SmokeDetector,Fan,24,0,0.000162,1,3,HOME03 HOME05 HOME06 HOME10 HOME12 HOME14 HOME20 OFFICE04
trigger,presence,garage,PresenceSensor,GarageDoor,24,0,0.000162,1,3,HOME06 HOME15
trigger,motion,vacuum,MotionSensor,RobotVacuumCleaner,23,0,0.000162,1,3,HOME05 HOME06 HOME08 HOME12 HOME18 LAB01
trigger,security,siren,Camera,Siren,21,0,0.000160,1,3,HOME06 HOME07 HOME16 OFFICE05 OFFICE06 LAB02 LAB03 FARM02 FARM03 FACT01 FACT02 FACT03 FACT05
trigger,calendar,query,CalendarProvider,,21,0,0.000160,1,3,HOME15 HOME19 OFFICE01 OFFICE02 OFFICE03 OFFICE04 OFFICE05 OFFICE06 LAB01 LAB03 LAB04 FACT01
trigger,time,purifier,Clock,AirPurifier,19,0,0.000158,1,3,HOME02 HOME03 HOME04 HOME08 HOME09 HOME13 HOME15 HOME19 OFFICE01 OFFICE02 OFFICE04 LAB01 LAB03
trigger,contact,light.off,ContactSensor,Light,17,0,0.000156,1,3,HOME01 HOME02 HOME03 HOME04 HOME05 HOME06 HOME07 HOME08 HOME09 HOME10 HOME11 HOME12 HOME13 HOME14 HOME15 HOME16 HOME17 HOME18 HOME19 HOME20 OFFICE01 OFFICE03 OFFICE06 LAB01 LAB02 LAB03 FACT03
trigger,device,switch,Switch,Switch,16,0,0.000154,1,3,HOME01 HOME02 HOME03 HOME04 HOME05 HOME06 HOME07 HOME08 HOME09 HOME10 HOME11 HOME12 HOME13 HOME14 HOME15 HOME16 HOME17 HOME18 HOME19 HOME20 OFFICE01 OFFICE02 OFFICE03 OFFICE04 OFFICE05 OFFICE06 LAB01 LAB02 LAB03 LAB04 LAB05 FARM01 FARM02 FARM03 FARM04 FACT01 FACT02 FACT03 FACT04 FACT05
trigger,device,light.off,Switch,Light,15,0,0.000153,1,3,HOME01 HOME02 HOME03 HOME04 HOME05 HOME06 HOME07 HOME08 HOME09 HOME10 HOME11 HOME12 HOME13 HOME14 HOME15 HOME16 HOME17 HOME18 HOME19 HOME20 OFFICE01 OFFICE02 OFFICE03 OFFICE04 OFFICE05 OFFICE06 LAB01 LAB02 LAB03 LAB04 LAB05 FARM02 FARM03 FACT01 FACT02 FACT03 FACT04 FACT05
trigger,threshold,mower,TemperatureSensor,Mower,15,0,0.000153,1,3,HOME06 HOME07
trigger,finished,camera,LaundryWasher,Camera,15,0,0.000153,1,3,HOME06 HOME07 HOME18
trigger,finished,light.scene,LaundryWasher,Light,14,0,0.000152,1,3,HOME02 HOME06 HOME07 HOME12 HOME18
trigger,leave,mower,PersonTracker,Mower,14,0,0.000152,1,3,HOME06 HOME07
trigger,threshold,query,TemperatureSensor,,14,0,0.000152,1,3,HOME01 HOME02 HOME03 HOME04 HOME05 HOME06 HOME07 HOME08 HOME09 HOME10 HOME11 HOME12 HOME13 HOME14 HOME15 HOME16 HOME17 HOME18 HOME19 HOME20 OFFICE01 OFFICE02 OFFICE03 OFFICE04 OFFICE05 OFFICE06 LAB01 LAB02 LAB03 LAB04 LAB05 FARM01 FARM02 FARM03 FARM04 FACT01 FACT02 FACT03 FACT04 FACT05
trigger,device,light.scene,Switch,Light,14,0,0.000152,1,3,HOME01 HOME02 HOME03 HOME04 HOME05 HOME06 HOME07 HOME08 HOME09 HOME10 HOME11 HOME12 HOME13 HOME14 HOME15 HOME16 HOME17 HOME18 HOME19 HOME20 OFFICE01 OFFICE02 OFFICE03 OFFICE04 OFFICE05 OFFICE06 LAB01 LAB02 LAB03 LAB04 LAB05 FARM02 FARM03 FACT01 FACT02 FACT03 FACT04 FACT05
trigger,motion,garage,MotionSensor,GarageDoor,13,0,0.000150,1,3,HOME06 HOME16 HOME18 FACT02
trigger,threshold,coffee,TemperatureSensor,CoffeeMaker,12,0,0.000149,1,3,HOME19 HOME20 OFFICE01 OFFICE02 OFFICE04 OFFICE06
trigger,sun,garage,SunProvider,GarageDoor,12,0,0.000149,1,3,HOME06 HOME07 HOME15 HOME16 HOME18 FACT02
trigger,leave,light.scene,PersonTracker,Light,12,0,0.000149,1,3,HOME02 HOME03 HOME04 HOME05 HOME06 HOME07 HOME08 HOME11 HOME13 HOME15 HOME16 HOME18 HOME19 HOME20 OFFICE01 OFFICE02 OFFICE05 OFFICE06 LAB01 LAB04
trigger,security,light.off,Camera,Light,12,0,0.000149,1,3,HOME06 HOME07 HOME08 HOME09 HOME15 HOME16 HOME18 HOME19 OFFICE03 OFFICE05 OFFICE06 LAB01 LAB02 LAB03 LAB04 LAB05 FARM02 FARM03 FACT01 FACT02 FACT03 FACT04 FACT05
trigger,sun,purifier,SunProvider,AirPurifier,11,0,0.000147,1,3,HOME02 HOME03 HOME04 HOME08 HOME09 HOME13 HOME15 HOME19 OFFICE01 OFFICE02 OFFICE04 LAB01 LAB03
trigger,time,waterheater,Clock,WaterHeater,11,0,0.000147,1,3,HOME05 HOME06 HOME07 HOME14 HOME16 FACT05
trigger,security,switch,Camera,Switch,11,0,0.000147,1,3,HOME06 HOME07 HOME08 HOME09 HOME15 HOME16 HOME18 HOME19 OFFICE03 OFFICE05 OFFICE06 LAB01 LAB02 LAB03 LAB04 LAB05 FARM01 FARM02 FARM03 FARM04 FACT01 FACT02 FACT03 FACT04 FACT05
trigger,power,ac,PowerMeter,AirConditioner,11,0,0.000147,1,3,HOME01 HOME08 HOME11 HOME15 HOME19 LAB01 LAB04
trigger,phone,camera,PersonTracker,Camera,11,0,0.000147,1,3,HOME06 HOME07 HOME08 HOME15 HOME16 HOME18 HOME19 OFFICE05 OFFICE06 LAB01 LAB04
trigger,calendar,camera,CalendarProvider,Camera,10,0,0.000145,1,3,HOME15 HOME19 OFFICE03 OFFICE05 OFFICE06 LAB01 LAB03 LAB04 FACT01
trigger,timer,light.scene,Clock,Light,10,0,0.000145,1,3,HOME01 HOME02 HOME03 HOME04 HOME05 HOME06 HOME07 HOME08 HOME09 HOME10 HOME11 HOME12 HOME13 HOME14 HOME15 HOME16 HOME17 HOME18 HOME19 HOME20 OFFICE01 OFFICE02 OFFICE03 OFFICE04 OFFICE05 OFFICE06 LAB01 LAB02 LAB03 LAB04 LAB05 FARM02 FARM03 FACT01 FACT02 FACT03 FACT04 FACT05
trigger,leak,light.on,LeakSensor,Light,10,0,0.000145,1,3,HOME06 HOME07 HOME14 HOME16 LAB02 FACT05
domain,barrier,conveyor,SafetyBarrier,ConveyorBelt,,,,factory,29,FACT01 FACT03
domain,contact,siren,ContactSensor,Siren,,,,factory,11,FACT03
domain,emergency,conveyor,EmergencyStop,ConveyorBelt,,,,factory,29,FACT01 FACT03
domain,finished,statuslight,ProductionMachine,StatusLight,,,,factory,19,FACT01 FACT03 FACT04
domain,leak,valve,LeakSensor,Valve,,,,factory,19,FACT05
domain,power,notify,PowerMeter,NotificationProvider,,,,factory,29,FACT01 FACT03 FACT04
domain,proximity,conveyor,ProximitySensor,ConveyorBelt,,,,factory,19,FACT01 FACT02
domain,threshold,compressor,PressureSensor,AirCompressor,,,,factory,19,FACT04 FACT05
domain,threshold,notify,WeightSensor,NotificationProvider,,,,factory,19,FACT02 FACT03
domain,threshold,pump,WaterLevelSensor,Pump,,,,factory,11,FACT05
domain,threshold,ventilator,GasSensor,Ventilator,,,,factory,19,FACT05
domain,tilt,notify,TiltSensor,NotificationProvider,,,,factory,11,FACT02 FACT04
domain,time,conveyor,Clock,ConveyorBelt,,,,factory,19,FACT01 FACT02 FACT03
domain,vibration,notify,VibrationSensor,NotificationProvider,,,,factory,29,FACT01 FACT04 FACT05
domain,contact,notify,ContactSensor,NotificationProvider,,,,farm,11,FARM04
domain,sun,growlight,SunProvider,GrowLight,,,,farm,19,FARM01 FARM04
domain,threshold,humidity,HumiditySensor,Humidifier,,,,farm,11,FARM02 FARM03
domain,threshold,notify,WaterQualitySensor,NotificationProvider,,,,farm,19,FARM01 FARM04
domain,threshold,pump,WaterLevelSensor,Pump,,,,farm,19,FARM01 FARM02 FARM03 FARM04
domain,threshold,sprinkler,SoilMoistureSensor,Sprinkler,,,,farm,29,FARM01 FARM03
domain,threshold,valve,FlowSensor,Valve,,,,farm,19,FARM02 FARM03 FARM04
domain,threshold,ventilator,TemperatureSensor,Ventilator,,,,farm,29,FARM01 FARM02 FARM04
domain,time,feeder,Clock,FeedDispenser,,,,farm,29,FARM02
domain,time,growlight,Clock,GrowLight,,,,farm,29,FARM01 FARM04
domain,weather,sprinkler,WeatherProvider,Sprinkler,,,,farm,19,FARM01 FARM03
domain,wind,cover,WindSensor,WindowCovering,,,,farm,19,FARM01
domain,contact,notify,ContactSensor,NotificationProvider,,,,lab,21,LAB01 LAB02 LAB03
domain,device,armrobot,Switch,ArmRobot,,,,lab,11,LAB04
domain,finished,notify,ProductionMachine,NotificationProvider,,,,lab,19,LAB02 LAB04
domain,gas,siren,GasSensor,Siren,,,,lab,29,LAB02 LAB03
domain,gas,ventilator,GasSensor,Ventilator,,,,lab,21,LAB02 LAB03
domain,leak,valve,LeakSensor,Valve,,,,lab,21,LAB02
domain,motion,light.on,MotionSensor,Light,,,,lab,16,LAB01
domain,power,notify,PowerMeter,NotificationProvider,,,,lab,21,LAB01 LAB02 LAB04 LAB05
domain,threshold,chamber,TemperatureSensor,Chamber,,,,lab,29,LAB02 LAB03 LAB05
domain,threshold,notify,TemperatureSensor,NotificationProvider,,,,lab,29,LAB01 LAB02 LAB03 LAB04 LAB05
domain,threshold,pump,PressureSensor,Pump,,,,lab,11,LAB02
domain,threshold,ventilator,AirQualitySensor,Ventilator,,,,lab,19,LAB02
domain,time,chamber,Clock,Chamber,,,,lab,21,LAB02 LAB03 LAB05
domain,timer,notify,Clock,NotificationProvider,,,,lab,11,LAB01 LAB02 LAB03 LAB04 LAB05
now,now,light.on,,Light,,,0.222675,3716,129,HOME01 HOME02 HOME03 HOME04 HOME05 HOME06 HOME07 HOME08 HOME09 HOME10 HOME11 HOME12 HOME13 HOME14 HOME15 HOME16 HOME17 HOME18 HOME19 HOME20 OFFICE01 OFFICE02 OFFICE03 OFFICE04 OFFICE05 OFFICE06 LAB01 LAB02 LAB03 LAB04 LAB05 FARM02 FARM03 FACT01 FACT02 FACT03 FACT04 FACT05
now,now,light.dim+light.on,,Light,,,0.105405,1759,129,HOME01 HOME02 HOME03 HOME04 HOME05 HOME06 HOME07 HOME08 HOME09 HOME10 HOME11 HOME12 HOME13 HOME14 HOME15 HOME16 HOME17 HOME18 HOME19 HOME20 OFFICE01 OFFICE02 OFFICE03 OFFICE04 OFFICE05 OFFICE06 LAB01 LAB02 LAB03 LAB04 LAB05 FARM02 FARM03 FACT01 FACT02 FACT03 FACT04 FACT05
now,now,light.color+light.on,,Light,,,0.089346,1491,127,HOME01 HOME02 HOME03 HOME04 HOME05 HOME06 HOME07 HOME08 HOME09 HOME10 HOME11 HOME12 HOME13 HOME14 HOME15 HOME16 HOME17 HOME18 HOME19 HOME20 OFFICE01 OFFICE02 OFFICE03 OFFICE04 OFFICE05 OFFICE06 LAB01 LAB02 LAB03 LAB04 LAB05 FARM02 FARM03 FACT01 FACT02 FACT03 FACT04 FACT05
now,now,media,,Television,,,0.044583,744,83,HOME02 HOME03 HOME04 HOME06 HOME07 HOME08 HOME11 HOME12 HOME13 HOME14 HOME15 HOME18
now,now,light.on+switch,,Light,,,0.039969,667,59,HOME01 HOME02 HOME03 HOME04 HOME05 HOME06 HOME07 HOME08 HOME09 HOME10 HOME11 HOME12 HOME13 HOME14 HOME15 HOME16 HOME17 HOME18 HOME19 HOME20 OFFICE01 OFFICE02 OFFICE03 OFFICE04 OFFICE05 OFFICE06 LAB01 LAB02 LAB03 LAB04 LAB05 FARM02 FARM03 FACT01 FACT02 FACT03 FACT04 FACT05
now,now,notify,,NotificationProvider,,,0.039190,654,74,HOME01 HOME02 HOME03 HOME04 HOME05 HOME06 HOME07 HOME08 HOME09 HOME10 HOME11 HOME12 HOME13 HOME14 HOME15 HOME16 HOME17 HOME18 HOME19 HOME20 OFFICE01 OFFICE02 OFFICE03 OFFICE04 OFFICE05 OFFICE06 LAB01 LAB02 LAB03 LAB04 LAB05 FARM01 FARM02 FARM03 FARM04 FACT01 FACT02 FACT03 FACT04 FACT05
now,now,cover,,WindowCovering,,,0.036613,611,69,HOME03 HOME04 HOME05 HOME06 HOME08 HOME09 HOME11 HOME13 HOME15 HOME18 HOME19 OFFICE01 OFFICE02 OFFICE05 FARM01
now,now,lock,,DoorLock,,,0.031400,524,59,HOME01 HOME02 HOME03 HOME04 HOME05 HOME06 HOME07 HOME08 HOME09 HOME10 HOME11 HOME12 HOME13 HOME15 HOME16 HOME18 HOME19 OFFICE01 OFFICE02 OFFICE03 OFFICE04 OFFICE05 OFFICE06 LAB02 LAB03 LAB04 FARM04 FACT02
now,now,fan,,Fan,,,0.031040,518,59,HOME01 HOME03 HOME04 HOME05 HOME06 HOME08 HOME09 HOME10 HOME12 HOME13 HOME14 HOME17 HOME19 HOME20 OFFICE01 OFFICE04 FARM02
now,now,query,,,,,0.024988,417,49,HOME01 HOME02 HOME03 HOME04 HOME05 HOME06 HOME07 HOME08 HOME09 HOME10 HOME11 HOME12 HOME13 HOME14 HOME15 HOME16 HOME17 HOME18 HOME19 HOME20 OFFICE01 OFFICE02 OFFICE03 OFFICE04 OFFICE05 OFFICE06 LAB01 LAB02 LAB03 LAB04 LAB05 FARM01 FARM02 FARM03 FARM04 FACT01 FACT02 FACT03 FACT04 FACT05
now,now,switch,,Switch,,,0.024449,408,48,HOME01 HOME02 HOME03 HOME04 HOME05 HOME06 HOME07 HOME08 HOME09 HOME10 HOME11 HOME12 HOME13 HOME14 HOME15 HOME16 HOME17 HOME18 HOME19 HOME20 OFFICE01 OFFICE02 OFFICE03 OFFICE04 OFFICE05 OFFICE06 LAB01 LAB02 LAB03 LAB04 LAB05 FARM01 FARM02 FARM03 FARM04 FACT01 FACT02 FACT03 FACT04 FACT05
now,now,vacuum,,RobotVacuumCleaner,,,0.021812,364,43,HOME02 HOME03 HOME04 HOME05 HOME06 HOME07 HOME08 HOME12 HOME13 HOME15 HOME18 LAB01
now,now,thermostat,,Thermostat,,,0.019116,319,38,HOME02 HOME05 HOME06 HOME07 HOME11 HOME14 HOME16 HOME18 HOME19 HOME20 OFFICE01 OFFICE06
now,now,timer,,Clock,,,0.017917,299,36,HOME01 HOME02 HOME03 HOME04 HOME05 HOME06 HOME07 HOME08 HOME09 HOME10 HOME11 HOME12 HOME13 HOME14 HOME15 HOME16 HOME17 HOME18 HOME19 HOME20 OFFICE01 OFFICE02 OFFICE03 OFFICE04 OFFICE05 OFFICE06 LAB01 LAB02 LAB03 LAB04 LAB05 FARM01 FARM02 FARM03 FARM04 FACT01 FACT02 FACT03 FACT04 FACT05
now,now,garage,,GarageDoor,,,0.017378,290,35,HOME06 HOME07 HOME15 HOME16 HOME18 FACT02
now,now,light.off+light.on+switch,,Light,,,0.017078,285,26,HOME01 HOME02 HOME03 HOME04 HOME05 HOME06 HOME07 HOME08 HOME09 HOME10 HOME11 HOME12 HOME13 HOME14 HOME15 HOME16 HOME17 HOME18 HOME19 HOME20 OFFICE01 OFFICE02 OFFICE03 OFFICE04 OFFICE05 OFFICE06 LAB01 LAB02 LAB03 LAB04 LAB05 FARM02 FARM03 FACT01 FACT02 FACT03 FACT04 FACT05
now,now,humidity,,Humidifier,,,0.014142,236,29,HOME09 HOME15 LAB01 FARM02 FARM03
now,now,cover+light.on,,Light,,,0.013663,228,28,HOME01 HOME02 HOME03 HOME04 HOME05 HOME06 HOME07 HOME08 HOME09 HOME10 HOME11 HOME12 HOME13 HOME14 HOME15 HOME16 HOME17 HOME18 HOME19 HOME20 OFFICE01 OFFICE02 OFFICE03 OFFICE04 OFFICE05 OFFICE06 LAB01 LAB02 LAB03 LAB04 LAB05 FARM02 FARM03 FACT01 FACT02 FACT03 FACT04 FACT05
now,now,coffee,,CoffeeMaker,,,0.011326,189,23,HOME19 HOME20 OFFICE01 OFFICE02 OFFICE04 OFFICE06
now,now,camera,,Camera,,,0.010247,171,22,HOME06 HOME07 HOME08 HOME09 HOME15 HOME16 HOME18 HOME19 OFFICE03 OFFICE05 OFFICE06 LAB01 LAB02 LAB03 LAB04 LAB05 FARM01 FARM02 FARM03 FARM04 FACT01 FACT02 FACT03 FACT04 FACT05
now,now,media+switch,,Television,,,0.007191,120,16,HOME02 HOME03 HOME04 HOME06 HOME07 HOME08 HOME11 HOME12 HOME13 HOME14 HOME15 HOME18
now,now,light.off+light.on,,Light,,,0.007191,120,13,HOME01 HOME02 HOME03 HOME04 HOME05 HOME06 HOME07 HOME08 HOME09 HOME10 HOME11 HOME12 HOME13 HOME14 HOME15 HOME16 HOME17 HOME18 HOME19 HOME20 OFFICE01 OFFICE02 OFFICE03 OFFICE04 OFFICE05 OFFICE06 LAB01 LAB02 LAB03 LAB04 LAB05 FARM02 FARM03 FACT01 FACT02 FACT03 FACT04 FACT05
now,now,fan+switch,,Fan,,,0.006771,113,15,HOME01 HOME03 HOME04 HOME05 HOME06 HOME08 HOME09 HOME10 HOME12 HOME13 HOME14 HOME17 HOME19 HOME20 OFFICE01 OFFICE04 FARM02
now,now,plug+switch,,Plug,,,0.005453,91,13,HOME01 HOME08 HOME11 HOME15 HOME17 HOME19 LAB01 LAB02 LAB03 LAB04 LAB05
now,now,fan+light.on+switch,,Light,,,0.004734,79,12,HOME01 HOME02 HOME03 HOME04 HOME05 HOME06 HOME07 HOME08 HOME09 HOME10 HOME11 HOME12 HOME13 HOME14 HOME15 HOME16 HOME17 HOME18 HOME19 HOME20 OFFICE01 OFFICE02 OFFICE03 OFFICE04 OFFICE05 OFFICE06 LAB01 LAB02 LAB03 LAB04 LAB05 FARM02 FARM03 FACT01 FACT02 FACT03 FACT04 FACT05
now,now,light.color+light.dim+light.on,,Light,,,0.004554,76,8,HOME01 HOME02 HOME03 HOME04 HOME05 HOME06 HOME07 HOME08 HOME09 HOME10 HOME11 HOME12 HOME13 HOME14 HOME15 HOME16 HOME17 HOME18 HOME19 HOME20 OFFICE01 OFFICE02 OFFICE03 OFFICE04 OFFICE05 OFFICE06 LAB01 LAB02 LAB03 LAB04 LAB05 FARM02 FARM03 FACT01 FACT02 FACT03 FACT04 FACT05
now,now,switch+timer,,Clock,,,0.004554,76,11,HOME01 HOME02 HOME03 HOME04 HOME05 HOME06 HOME07 HOME08 HOME09 HOME10 HOME11 HOME12 HOME13 HOME14 HOME15 HOME16 HOME17 HOME18 HOME19 HOME20 OFFICE01 OFFICE02 OFFICE03 OFFICE04 OFFICE05 OFFICE06 LAB01 LAB02 LAB03 LAB04 LAB05 FARM01 FARM02 FARM03 FARM04 FACT01 FACT02 FACT03 FACT04 FACT05
now,now,light.dim,,Light,,,0.004494,75,8,HOME01 HOME02 HOME03 HOME04 HOME05 HOME06 HOME07 HOME08 HOME09 HOME10 HOME11 HOME12 HOME13 HOME14 HOME15 HOME16 HOME17 HOME18 HOME19 HOME20 OFFICE01 OFFICE02 OFFICE03 OFFICE04 OFFICE05 OFFICE06 LAB01 LAB02 LAB03 LAB04 LAB05 FARM02 FARM03 FACT01 FACT02 FACT03 FACT04 FACT05
now,now,light.scene,,Light,,,0.004314,72,8,HOME01 HOME02 HOME03 HOME04 HOME05 HOME06 HOME07 HOME08 HOME09 HOME10 HOME11 HOME12 HOME13 HOME14 HOME15 HOME16 HOME17 HOME18 HOME19 HOME20 OFFICE01 OFFICE02 OFFICE03 OFFICE04 OFFICE05 OFFICE06 LAB01 LAB02 LAB03 LAB04 LAB05 FARM02 FARM03 FACT01 FACT02 FACT03 FACT04 FACT05
now,now,garage+lock,,DoorLock,,,0.004135,69,11,HOME01 HOME02 HOME03 HOME04 HOME05 HOME06 HOME07 HOME08 HOME09 HOME10 HOME11 HOME12 HOME13 HOME15 HOME16 HOME18 HOME19 OFFICE01 OFFICE02 OFFICE03 OFFICE04 OFFICE05 OFFICE06 LAB02 LAB03 LAB04 FARM04 FACT02
now,now,mower,,Mower,,,0.003895,65,10,HOME06 HOME07
now,now,camera+light.color+light.on,,Light,,,0.003715,62,10,HOME01 HOME02 HOME03 HOME04 HOME05 HOME06 HOME07 HOME08 HOME09 HOME10 HOME11 HOME12 HOME13 HOME14 HOME15 HOME16 HOME17 HOME18 HOME19 HOME20 OFFICE01 OFFICE02 OFFICE03 OFFICE04 OFFICE05 OFFICE06 LAB01 LAB02 LAB03 LAB04 LAB05 FARM02 FARM03 FACT01 FACT02 FACT03 FACT04 FACT05
now,now,plug,,Plug,,,0.003595,60,10,HOME01 HOME08 HOME11 HOME15 HOME17 HOME19 LAB01 LAB02 LAB03 LAB04 LAB05
now,now,cover+light.scene,,Light,,,0.003416,57,9,HOME01 HOME02 HOME03 HOME04 HOME05 HOME06 HOME07 HOME08 HOME09 HOME10 HOME11 HOME12 HOME13 HOME14 HOME15 HOME16 HOME17 HOME18 HOME19 HOME20 OFFICE01 OFFICE02 OFFICE03 OFFICE04 OFFICE05 OFFICE06 LAB01 LAB02 LAB03 LAB04 LAB05 FARM02 FARM03 FACT01 FACT02 FACT03 FACT04 FACT05
now,now,light.on+media,,Light,,,0.003416,57,7,HOME01 HOME02 HOME03 HOME04 HOME05 HOME06 HOME07 HOME08 HOME09 HOME10 HOME11 HOME12 HOME13 HOME14 HOME15 HOME16 HOME17 HOME18 HOME19 HOME20 OFFICE01 OFFICE02 OFFICE03 OFFICE04 OFFICE05 OFFICE06 LAB01 LAB02 LAB03 LAB04 LAB05 FARM02 FARM03 FACT01 FACT02 FACT03 FACT04 FACT05
now,now,garage+light.on,,Light,,,0.003116,52,9,HOME01 HOME02 HOME03 HOME04 HOME05 HOME06 HOME07 HOME08 HOME09 HOME10 HOME11 HOME12 HOME13 HOME14 HOME15 HOME16 HOME17 HOME18 HOME19 HOME20 OFFICE01 OFFICE02 OFFICE03 OFFICE04 OFFICE05 OFFICE06 LAB01 LAB02 LAB03 LAB04 LAB05 FARM02 FARM03 FACT01 FACT02 FACT03 FACT04 FACT05
now,now,light.color+light.on+media,,Light,,,0.002876,48,7,HOME01 HOME02 HOME03 HOME04 HOME05 HOME06 HOME07 HOME08 HOME09 HOME10 HOME11 HOME12 HOME13 HOME14 HOME15 HOME16 HOME17 HOME18 HOME19 HOME20 OFFICE01 OFFICE02 OFFICE03 OFFICE04 OFFICE05 OFFICE06 LAB01 LAB02 LAB03 LAB04 LAB05 FARM02 FARM03 FACT01 FACT02 FACT03 FACT04 FACT05
now,now,switch+thermostat,,Thermostat,,,0.002756,46,8,HOME02 HOME05 HOME06 HOME07 HOME11 HOME14 HOME16 HOME18 HOME19 HOME20 OFFICE01 OFFICE06
now,now,light.color,,Light,,,0.002637,44,6,HOME01 HOME02 HOME03 HOME04 HOME05 HOME06 HOME07 HOME08 HOME09 HOME10 HOME11 HOME12 HOME13 HOME14 HOME15 HOME16 HOME17 HOME18 HOME19 HOME20 OFFICE01 OFFICE02 OFFICE03 OFFICE04 OFFICE05 OFFICE06 LAB01 LAB02 LAB03 LAB04 LAB05 FARM02 FARM03 FACT01 FACT02 FACT03 FACT04 FACT05
now,now,coffee+switch,,CoffeeMaker,,,0.002337,39,8,HOME19 HOME20 OFFICE01 OFFICE02 OFFICE04 OFFICE06
now,now,ac+switch,,AirConditioner,,,0.002097,35,6,HOME01 HOME02 HOME03 HOME04 HOME05 HOME06 HOME07 HOME08 HOME09 HOME11 HOME12 HOME13 HOME15 HOME17 HOME18 HOME19 HOME20 OFFICE01 OFFICE02 OFFICE03 OFFICE04 OFFICE05 OFFICE06 LAB01 LAB04 FARM04
now,now,light.dim+light.on+media,,Light,,,0.001977,33,5,HOME01 HOME02 HOME03 HOME04 HOME05 HOME06 HOME07 HOME08 HOME09 HOME10 HOME11 HOME12 HOME13 HOME14 HOME15 HOME16 HOME17 HOME18 HOME19 HOME20 OFFICE01 OFFICE02 OFFICE03 OFFICE04 OFFICE05 OFFICE06 LAB01 LAB02 LAB03 LAB04 LAB05 FARM02 FARM03 FACT01 FACT02 FACT03 FACT04 FACT05
now,now,camera+light.color,,Light,,,0.001977,33,6,HOME01 HOME02 HOME03 HOME04 HOME05 HOME06 HOME07 HOME08 HOME09 HOME10 HOME11 HOME12 HOME13 HOME14 HOME15 HOME16 HOME17 HOME18 HOME19 HOME20 OFFICE01 OFFICE02 OFFICE03 OFFICE04 OFFICE05 OFFICE06 LAB01 LAB02 LAB03 LAB04 LAB05 FARM02 FARM03 FACT01 FACT02 FACT03 FACT04 FACT05
now,now,switch+vacuum,,RobotVacuumCleaner,,,0.001977,33,6,HOME02 HOME03 HOME04 HOME05 HOME06 HOME07 HOME08 HOME12 HOME13 HOME15 HOME18 LAB01
now,now,light.on+timer,,Light,,,0.001977,33,5,HOME01 HOME02 HOME03 HOME04 HOME05 HOME06 HOME07 HOME08 HOME09 HOME10 HOME11 HOME12 HOME13 HOME14 HOME15 HOME16 HOME17 HOME18 HOME19 HOME20 OFFICE01 OFFICE02 OFFICE03 OFFICE04 OFFICE05 OFFICE06 LAB01 LAB02 LAB03 LAB04 LAB05 FARM02 FARM03 FACT01 FACT02 FACT03 FACT04 FACT05
now,now,fan+garage,,Fan,,,0.001918,32,6,HOME01 HOME03 HOME04 HOME05 HOME06 HOME08 HOME09 HOME10 HOME12 HOME13 HOME14 HOME17 HOME19 HOME20 OFFICE01 OFFICE04 FARM02
now,now,cover+light.off+light.on,,Light,,,0.001858,31,5,HOME01 HOME02 HOME03 HOME04 HOME05 HOME06 HOME07 HOME08 HOME09 HOME10 HOME11 HOME12 HOME13 HOME14 HOME15 HOME16 HOME17 HOME18 HOME19 HOME20 OFFICE01 OFFICE02 OFFICE03 OFFICE04 OFFICE05 OFFICE06 LAB01 LAB02 LAB03 LAB04 LAB05 FARM02 FARM03 FACT01 FACT02 FACT03 FACT04 FACT05
now,now,light.on+light.scene,,Light,,,0.001858,31,4,HOME01 HOME02 HOME03 HOME04 HOME05 HOME06 HOME07 HOME08 HOME09 HOME10 HOME11 HOME12 HOME13 HOME14 HOME15 HOME16 HOME17 HOME18 HOME19 HOME20 OFFICE01 OFFICE02 OFFICE03 OFFICE04 OFFICE05 OFFICE06 LAB01 LAB02 LAB03 LAB04 LAB05 FARM02 FARM03 FACT01 FACT02 FACT03 FACT04 FACT05
now,now,garage+light.on+switch,,Light,,,0.001858,31,5,HOME01 HOME02 HOME03 HOME04 HOME05 HOME06 HOME07 HOME08 HOME09 HOME10 HOME11 HOME12 HOME13 HOME14 HOME15 HOME16 HOME17 HOME18 HOME19 HOME20 OFFICE01 OFFICE02 OFFICE03 OFFICE04 OFFICE05 OFFICE06 LAB01 LAB02 LAB03 LAB04 LAB05 FARM02 FARM03 FACT01 FACT02 FACT03 FACT04 FACT05
now,now,garage+light.dim+light.on,,Light,,,0.001798,30,5,HOME01 HOME02 HOME03 HOME04 HOME05 HOME06 HOME07 HOME08 HOME09 HOME10 HOME11 HOME12 HOME13 HOME14 HOME15 HOME16 HOME17 HOME18 HOME19 HOME20 OFFICE01 OFFICE02 OFFICE03 OFFICE04 OFFICE05 OFFICE06 LAB01 LAB02 LAB03 LAB04 LAB05 FARM02 FARM03 FACT01 FACT02 FACT03 FACT04 FACT05
now,now,notify+timer,,NotificationProvider,,,0.001738,29,5,HOME01 HOME02 HOME03 HOME04 HOME05 HOME06 HOME07 HOME08 HOME09 HOME10 HOME11 HOME12 HOME13 HOME14 HOME15 HOME16 HOME17 HOME18 HOME19 HOME20 OFFICE01 OFFICE02 OFFICE03 OFFICE04 OFFICE05 OFFICE06 LAB01 LAB02 LAB03 LAB04 LAB05 FARM01 FARM02 FARM03 FARM04 FACT01 FACT02 FACT03 FACT04 FACT05
now,now,cover+switch,,WindowCovering,,,0.001678,28,5,HOME03 HOME04 HOME05 HOME06 HOME08 HOME09 HOME11 HOME13 HOME15 HOME18 HOME19 OFFICE01 OFFICE02 OFFICE05 FARM01
now,now,light.dim+light.on+light.scene,,Light,,,0.001678,28,4,HOME01 HOME02 HOME03 HOME04 HOME05 HOME06 HOME07 HOME08 HOME09 HOME10 HOME11 HOME12 HOME13 HOME14 HOME15 HOME16 HOME17 HOME18 HOME19 HOME20 OFFICE01 OFFICE02 OFFICE03 OFFICE04 OFFICE05 OFFICE06 LAB01 LAB02 LAB03 LAB04 LAB05 FARM02 FARM03 FACT01 FACT02 FACT03 FACT04 FACT05
now,now,cover+fan+light.on,,Light,,,0.001678,28,5,HOME01 HOME02 HOME03 HOME04 HOME05 HOME06 HOME07 HOME08 HOME09 HOME10 HOME11 HOME12 HOME13 HOME14 HOME15 HOME16 HOME17 HOME18 HOME19 HOME20 OFFICE01 OFFICE02 OFFICE03 OFFICE04 OFFICE05 OFFICE06 LAB01 LAB02 LAB03 LAB04 LAB05 FARM02 FARM03 FACT01 FACT02 FACT03 FACT04 FACT05
now,now,garage+light.color+light.on,,Light,,,0.001618,27,5,HOME01 HOME02 HOME03 HOME04 HOME05 HOME06 HOME07 HOME08 HOME09 HOME10 HOME11 HOME12 HOME13 HOME14 HOME15 HOME16 HOME17 HOME18 HOME19 HOME20 OFFICE01 OFFICE02 OFFICE03 OFFICE04 OFFICE05 OFFICE06 LAB01 LAB02 LAB03 LAB04 LAB05 FARM02 FARM03 FACT01 FACT02 FACT03 FACT04 FACT05
now,now,speaker,,Speaker,,,0.001558,26,4,HOME01 HOME02 HOME03 HOME04 HOME05 HOME06 HOME07 HOME08 HOME09 HOME10 HOME11 HOME12 HOME13 HOME14 HOME15 HOME17 HOME18 HOME19 HOME20 OFFICE01 OFFICE02 OFFICE03 OFFICE04 OFFICE05 OFFICE06 LAB01 LAB02 LAB03 LAB04 LAB05 FARM01 FARM02 FARM04 FACT01 FACT02 FACT03 FACT04 FACT05
now,now,cover+garage,,WindowCovering,,,0.001498,25,4,HOME03 HOME04 HOME05 HOME06 HOME08 HOME09 HOME11 HOME13 HOME15 HOME18 HOME19 OFFICE01 OFFICE02 OFFICE05 FARM01
now,now,cover+fan,,Fan,,,0.001498,25,4,HOME01 HOME03 HOME04 HOME05 HOME06 HOME08 HOME09 HOME10 HOME12 HOME13 HOME14 HOME17 HOME19 HOME20 OFFICE01 OFFICE04 FARM02
now,now,coffee+timer,,CoffeeMaker,,,0.001498,25,4,HOME19 HOME20 OFFICE01 OFFICE02 OFFICE04 OFFICE06
now,now,fan+garage+light.on,,Light,,,0.001438,24,4,HOME01 HOME02 HOME03 HOME04 HOME05 HOME06 HOME07 HOME08 HOME09 HOME10 HOME11 HOME12 HOME13 HOME14 HOME15 HOME16 HOME17 HOME18 HOME19 HOME20 OFFICE01 OFFICE02 OFFICE03 OFFICE04 OFFICE05 OFFICE06 LAB01 LAB02 LAB03 LAB04 LAB05 FARM02 FARM03 FACT01 FACT02 FACT03 FACT04 FACT05
now,now,fan+light.on+lock,,Light,,,0.001378,23,4,HOME01 HOME02 HOME03 HOME04 HOME05 HOME06 HOME07 HOME08 HOME09 HOME10 HOME11 HOME12 HOME13 HOME14 HOME15 HOME16 HOME17 HOME18 HOME19 HOME20 OFFICE01 OFFICE02 OFFICE03 OFFICE04 OFFICE05 OFFICE06 LAB01 LAB02 LAB03 LAB04 LAB05 FARM02 FARM03 FACT01 FACT02 FACT03 FACT04 FACT05
now,now,garage+switch,,GarageDoor,,,0.001318,22,4,HOME06 HOME07 HOME15 HOME16 HOME18 FACT02
now,now,light.on+media+switch,,Light,,,0.001258,21,3,HOME01 HOME02 HOME03 HOME04 HOME05 HOME06 HOME07 HOME08 HOME09 HOME10 HOME11 HOME12 HOME13 HOME14 HOME15 HOME16 HOME17 HOME18 HOME19 HOME20 OFFICE01 OFFICE02 OFFICE03 OFFICE04 OFFICE05 OFFICE06 LAB01 LAB02 LAB03 LAB04 LAB05 FARM02 FARM03 FACT01 FACT02 FACT03 FACT04 FACT05
now,now,cover+fan+light.off,,Light,,,0.001198,20,4,HOME01 HOME02 HOME03 HOME04 HOME05 HOME06 HOME07 HOME08 HOME09 HOME10 HOME11 HOME12 HOME13 HOME14 HOME15 HOME16 HOME17 HOME18 HOME19 HOME20 OFFICE01 OFFICE02 OFFICE03 OFFICE04 OFFICE05 OFFICE06 LAB01 LAB02 LAB03 LAB04 LAB05 FARM02 FARM03 FACT01 FACT02 FACT03 FACT04 FACT05
now,now,light.on+lock+switch,,Light,,,0.001198,20,3,HOME01 HOME02 HOME03 HOME04 HOME05 HOME06 HOME07 HOME08 HOME09 HOME10 HOME11 HOME12 HOME13 HOME14 HOME15 HOME16 HOME17 HOME18 HOME19 HOME20 OFFICE01 OFFICE02 OFFICE03 OFFICE04 OFFICE05 OFFICE06 LAB01 LAB02 LAB03 LAB04 LAB05 FARM02 FARM03 FACT01 FACT02 FACT03 FACT04 FACT05
now,now,media+speaker,,Television,,,0.001139,19,4,HOME02 HOME03 HOME04 HOME06 HOME07 HOME08 HOME11 HOME12 HOME13 HOME14 HOME15 HOME18
now,now,fan+light.off+light.on,,Light,,,0.001139,19,4,HOME01 HOME02 HOME03 HOME04 HOME05 HOME06 HOME07 HOME08 HOME09 HOME10 HOME11 HOME12 HOME13 HOME14 HOME15 HOME16 HOME17 HOME18 HOME19 HOME20 OFFICE01 OFFICE02 OFFICE03 OFFICE04 OFFICE05 OFFICE06 LAB01 LAB02 LAB03 LAB04 LAB05 FARM02 FARM03 FACT01 FACT02 FACT03 FACT04 FACT05
now,now,cover+fan+switch,,Fan,,,0.001079,18,4,HOME01 HOME03 HOME04 HOME05 HOME06 HOME08 HOME09 HOME10 HOME12 HOME13 HOME14 HOME17 HOME19 HOME20 OFFICE01 OFFICE04 FARM02
now,now,ac,,AirConditioner,,,0.000959,16,3,HOME01 HOME02 HOME03 HOME04 HOME05 HOME06 HOME07 HOME08 HOME09 HOME11 HOME12 HOME13 HOME15 HOME17 HOME18 HOME19 HOME20 OFFICE01 OFFICE02 OFFICE03 OFFICE04 OFFICE05 OFFICE06 LAB01 LAB04 FARM04
now,now,waterheater,,WaterHeater,,,0.000959,16,3,HOME05 HOME06 HOME07 HOME14 HOME16 FACT05
now,now,camera+media,,Television,,,0.000959,16,3,HOME02 HOME03 HOME04 HOME06 HOME07 HOME08 HOME11 HOME12 HOME13 HOME14 HOME15 HOME18
now,now,cover+fan+garage,,Fan,,,0.000959,16,3,HOME01 HOME03 HOME04 HOME05 HOME06 HOME08 HOME09 HOME10 HOME12 HOME13 HOME14 HOME17 HOME19 HOME20 OFFICE01 OFFICE04 FARM02
now,now,ac+fan,,AirConditioner,,,0.000959,16,3,HOME01 HOME02 HOME03 HOME04 HOME05 HOME06 HOME07 HOME08 HOME09 HOME11 HOME12 HOME13 HOME15 HOME17 HOME18 HOME19 HOME20 OFFICE01 OFFICE02 OFFICE03 OFFICE04 OFFICE05 OFFICE06 LAB01 LAB04 FARM04
now,now,coffee+light.on,,Light,,,0.000959,16,3,HOME01 HOME02 HOME03 HOME04 HOME05 HOME06 HOME07 HOME08 HOME09 HOME10 HOME11 HOME12 HOME13 HOME14 HOME15 HOME16 HOME17 HOME18 HOME19 HOME20 OFFICE01 OFFICE02 OFFICE03 OFFICE04 OFFICE05 OFFICE06 LAB01 LAB02 LAB03 LAB04 LAB05 FARM02 FARM03 FACT01 FACT02 FACT03 FACT04 FACT05
now,now,camera+timer,,Camera,,,0.000899,15,3,HOME06 HOME07 HOME08 HOME09 HOME15 HOME16 HOME18 HOME19 OFFICE03 OFFICE05 OFFICE06 LAB01 LAB02 LAB03 LAB04 LAB05 FARM01 FARM02 FARM03 FARM04 FACT01 FACT02 FACT03 FACT04 FACT05
now,now,sprinkler+timer,,Sprinkler,,,0.000899,15,3,HOME06 HOME07 FARM01 FARM03
now,now,light.scene+timer,,Light,,,0.000899,15,3,HOME01 HOME02 HOME03 HOME04 HOME05 HOME06 HOME07 HOME08 HOME09 HOME10 HOME11 HOME12 HOME13 HOME14 HOME15 HOME16 HOME17 HOME18 HOME19 HOME20 OFFICE01 OFFICE02 OFFICE03 OFFICE04 OFFICE05 OFFICE06 LAB01 LAB02 LAB03 LAB04 LAB05 FARM02 FARM03 FACT01 FACT02 FACT03 FACT04 FACT05
now,now,purifier+timer,,AirPurifier,,,0.000899,15,3,HOME02 HOME03 HOME04 HOME08 HOME09 HOME13 HOME15 HOME19 OFFICE01 OFFICE02 OFFICE04 LAB01 LAB03
now,now,light.on+plug+switch,,Light,,,0.000839,14,3,HOME01 HOME02 HOME03 HOME04 HOME05 HOME06 HOME07 HOME08 HOME09 HOME10 HOME11 HOME12 HOME13 HOME14 HOME15 HOME16 HOME17 HOME18 HOME19 HOME20 OFFICE01 OFFICE02 OFFICE03 OFFICE04 OFFICE05 OFFICE06 LAB01 LAB02 LAB03 LAB04 LAB05 FARM02 FARM03 FACT01 FACT02 FACT03 FACT04 FACT05
now,now,media+notify,,Television,,,0.000839,14,3,HOME02 HOME03 HOME04 HOME06 HOME07 HOME08 HOME11 HOME12 HOME13 HOME14 HOME15 HOME18
now,now,camera+switch,,Camera,,,0.000839,14,3,HOME06 HOME07 HOME08 HOME09 HOME15 HOME16 HOME18 HOME19 OFFICE03 OFFICE05 OFFICE06 LAB01 LAB02 LAB03 LAB04 LAB05 FARM01 FARM02 FARM03 FARM04 FACT01 FACT02 FACT03 FACT04 FACT05
now,now,coffee+plug,,Plug,,,0.000779,13,3,HOME01 HOME08 HOME11 HOME15 HOME17 HOME19 LAB01 LAB02 LAB03 LAB04 LAB05
now,now,light.dim+light.on+switch,,Light,,,0.000779,13,3,HOME01 HOME02 HOME03 HOME04 HOME05 HOME06 HOME07 HOME08 HOME09 HOME10 HOME11 HOME12 HOME13 HOME14 HOME15 HOME16 HOME17 HOME18 HOME19 HOME20 OFFICE01 OFFICE02 OFFICE03 OFFICE04 OFFICE05 OFFICE06 LAB01 LAB02 LAB03 LAB04 LAB05 FARM02 FARM03 FACT01 FACT02 FACT03 FACT04 FACT05
now,now,camera+cover,,WindowCovering,,,0.000719,12,3,HOME03 HOME04 HOME05 HOME06 HOME08 HOME09 HOME11 HOME13 HOME15 HOME18 HOME19 OFFICE01 OFFICE02 OFFICE05 FARM01
now,now,garage+timer,,GarageDoor,,,0.000719,12,3,HOME06 HOME07 HOME15 HOME16 HOME18 FACT02
now,now,cover+light.on+light.scene,,Light,,,0.000659,11,3,HOME01 HOME02 HOME03 HOME04 HOME05 HOME06 HOME07 HOME08 HOME09 HOME10 HOME11 HOME12 HOME13 HOME14 HOME15 HOME16 HOME17 HOME18 HOME19 HOME20 OFFICE01 OFFICE02 OFFICE03 OFFICE04 OFFICE05 OFFICE06 LAB01 LAB02 LAB03 LAB04 LAB05 FARM02 FARM03 FACT01 FACT02 FACT03 FACT04 FACT05
now,now,fan+switch+thermostat,,Thermostat,,,0.000659,11,3,HOME02 HOME05 HOME06 HOME07 HOME11 HOME14 HOME16 HOME18 HOME19 HOME20 OFFICE01 OFFICE06
now,now,light.off+light.on+plug,,Light,,,0.000599,10,3,HOME01 HOME02 HOME03 HOME04 HOME05 HOME06 HOME07 HOME08 HOME09 HOME10 HOME11 HOME12 HOME13 HOME14 HOME15 HOME16 HOME17 HOME18 HOME19 HOME20 OFFICE01 OFFICE02 OFFICE03 OFFICE04 OFFICE05 OFFICE06 LAB01 LAB02 LAB03 LAB04 LAB05 FARM02 FARM03 FACT01 FACT02 FACT03 FACT04 FACT05
now,now,sprinkler+switch,,Sprinkler,,,0.000599,10,3,HOME06 HOME07 FARM01 FARM03
now,now,cover+light.on+switch,,Light,,,0.000599,10,3,HOME01 HOME02 HOME03 HOME04 HOME05 HOME06 HOME07 HOME08 HOME09 HOME10 HOME11 HOME12 HOME13 HOME14 HOME15 HOME16 HOME17 HOME18 HOME19 HOME20 OFFICE01 OFFICE02 OFFICE03 OFFICE04 OFFICE05 OFFICE06 LAB01 LAB02 LAB03 LAB04 LAB05 FARM02 FARM03 FACT01 FACT02 FACT03 FACT04 FACT05
now,now,fan+garage+lock,,Fan,,,0.000599,10,3,HOME01 HOME03 HOME04 HOME05 HOME06 HOME08 HOME09 HOME10 HOME12 HOME13 HOME14 HOME17 HOME19 HOME20 OFFICE01 OFFICE04 FARM02
now,now,fan+lock+switch,,Fan,,,0.000599,10,3,HOME01 HOME03 HOME04 HOME05 HOME06 HOME08 HOME09 HOME10 HOME12 HOME13 HOME14 HOME17 HOME19 HOME20 OFFICE01 OFFICE04 FARM02
now,now,fan+lock,,Fan,,,0.000599,10,3,HOME01 HOME03 HOME04 HOME05 HOME06 HOME08 HOME09 HOME10 HOME12 HOME13 HOME14 HOME17 HOME19 HOME20 OFFICE01 OFFICE04 FARM02
now,now,media+vacuum,,Television,,,0.000599,10,3,HOME02 HOME03 HOME04 HOME06 HOME07 HOME08 HOME11 HOME12 HOME13 HOME14 HOME15 HOME18
now,now,notify+thermostat,,Thermostat,,,0.000539,9,3,HOME02 HOME05 HOME06 HOME07 HOME11 HOME14 HOME16 HOME18 HOME19 HOME20 OFFICE01 OFFICE06
now,now,light.color+light.on+notify,,Light,,,0.000479,8,3,HOME01 HOME02 HOME03 HOME04 HOME05 HOME06 HOME07 HOME08 HOME09 HOME10 HOME11 HOME12 HOME13 HOME14 HOME15 HOME16 HOME17 HOME18 HOME19 HOME20 OFFICE01 OFFICE02 OFFICE03 OFFICE04 OFFICE05 OFFICE06 LAB01 LAB02 LAB03 LAB04 LAB05 FARM02 FARM03 FACT01 FACT02 FACT03 FACT04 FACT05
now,now,light.on+switch+timer,,Light,,,0.000479,8,3,HOME01 HOME02 HOME03 HOME04 HOME05 HOME06 HOME07 HOME08 HOME09 HOME10 HOME11 HOME12 HOME13 HOME14 HOME15 HOME16 HOME17 HOME18 HOME19 HOME20 OFFICE01 OFFICE02 OFFICE03 OFFICE04 OFFICE05 OFFICE06 LAB01 LAB02 LAB03 LAB04 LAB05 FARM02 FARM03 FACT01 FACT02 FACT03 FACT04 FACT05
now,now,fan+light.on,,Light,,,0.000479,8,3,HOME01 HOME02 HOME03 HOME04 HOME05 HOME06 HOME07 HOME08 HOME09 HOME10 HOME11 HOME12 HOME13 HOME14 HOME15 HOME16 HOME17 HOME18 HOME19 HOME20 OFFICE01 OFFICE02 OFFICE03 OFFICE04 OFFICE05 OFFICE06 LAB01 LAB02 LAB03 LAB04 LAB05 FARM02 FARM03 FACT01 FACT02 FACT03 FACT04 FACT05
now,now,notify+vacuum,,RobotVacuumCleaner,,,0.000419,7,3,HOME02 HOME03 HOME04 HOME05 HOME06 HOME07 HOME08 HOME12 HOME13 HOME15 HOME18 LAB01
now,now,light.off+light.on+media,,Light,,,0.000419,7,3,HOME01 HOME02 HOME03 HOME04 HOME05 HOME06 HOME07 HOME08 HOME09 HOME10 HOME11 HOME12 HOME13 HOME14 HOME15 HOME16 HOME17 HOME18 HOME19 HOME20 OFFICE01 OFFICE02 OFFICE03 OFFICE04 OFFICE05 OFFICE06 LAB01 LAB02 LAB03 LAB04 LAB05 FARM02 FARM03 FACT01 FACT02 FACT03 FACT04 FACT05
now,now,media+speaker+switch,,Television,,,0.000419,7,3,HOME02 HOME03 HOME04 HOME06 HOME07 HOME08 HOME11 HOME12 HOME13 HOME14 HOME15 HOME18
now,now,light.color+light.off+light.on,,Light,,,0.000419,7,3,HOME01 HOME02 HOME03 HOME04 HOME05 HOME06 HOME07 HOME08 HOME09 HOME10 HOME11 HOME12 HOME13 HOME14 HOME15 HOME16 HOME17 HOME18 HOME19 HOME20 OFFICE01 OFFICE02 OFFICE03 OFFICE04 OFFICE05 OFFICE06 LAB01 LAB02 LAB03 LAB04 LAB05 FARM02 FARM03 FACT01 FACT02 FACT03 FACT04 FACT05
now,now,speaker+switch,,Speaker,,,0.000419,7,3,HOME01 HOME02 HOME03 HOME04 HOME05 HOME06 HOME07 HOME08 HOME09 HOME10 HOME11 HOME12 HOME13 HOME14 HOME15 HOME17 HOME18 HOME19 HOME20 OFFICE01 OFFICE02 OFFICE03 OFFICE04 OFFICE05 OFFICE06 LAB01 LAB02 LAB03 LAB04 LAB05 FARM01 FARM02 FARM04 FACT01 FACT02 FACT03 FACT04 FACT05
now,now,cover+garage+light.on,,Light,,,0.000419,7,3,HOME01 HOME02 HOME03 HOME04 HOME05 HOME06 HOME07 HOME08 HOME09 HOME10 HOME11 HOME12 HOME13 HOME14 HOME15 HOME16 HOME17 HOME18 HOME19 HOME20 OFFICE01 OFFICE02 OFFICE03 OFFICE04 OFFICE05 OFFICE06 LAB01 LAB02 LAB03 LAB04 LAB05 FARM02 FARM03 FACT01 FACT02 FACT03 FACT04 FACT05
now,now,fan+garage+light.off,,Light,,,0.000419,7,3,HOME01 HOME02 HOME03 HOME04 HOME05 HOME06 HOME07 HOME08 HOME09 HOME10 HOME11 HOME12 HOME13 HOME14 HOME15 HOME16 HOME17 HOME18 HOME19 HOME20 OFFICE01 OFFICE02 OFFICE03 OFFICE04 OFFICE05 OFFICE06 LAB01 LAB02 LAB03 LAB04 LAB05 FARM02 FARM03 FACT01 FACT02 FACT03 FACT04 FACT05
now,now,garage+light.on+lock,,Light,,,0.000419,7,3,HOME01 HOME02 HOME03 HOME04 HOME05 HOME06 HOME07 HOME08 HOME09 HOME10 HOME11 HOME12 HOME13 HOME14 HOME15 HOME16 HOME17 HOME18 HOME19 HOME20 OFFICE01 OFFICE02 OFFICE03 OFFICE04 OFFICE05 OFFICE06 LAB01 LAB02 LAB03 LAB04 LAB05 FARM02 FARM03 FACT01 FACT02 FACT03 FACT04 FACT05
now,now,cover+lock,,DoorLock,,,0.000419,7,3,HOME01 HOME02 HOME03 HOME04 HOME05 HOME06 HOME07 HOME08 HOME09 HOME10 HOME11 HOME12 HOME13 HOME15 HOME16 HOME18 HOME19 OFFICE01 OFFICE02 OFFICE03 OFFICE04 OFFICE05 OFFICE06 LAB02 LAB03 LAB04 FARM04 FACT02
now,now,camera+light.color+light.dim,,Light,,,0.000360,6,3,HOME01 HOME02 HOME03 HOME04 HOME05 HOME06 HOME07 HOME08 HOME09 HOME10 HOME11 HOME12 HOME13 HOME14 HOME15 HOME16 HOME17 HOME18 HOME19 HOME20 OFFICE01 OFFICE02 OFFICE03 OFFICE04 OFFICE05 OFFICE06 LAB01 LAB02 LAB03 LAB04 LAB05 FARM02 FARM03 FACT01 FACT02 FACT03 FACT04 FACT05
now,now,coffee+light.color+light.on,,Light,,,0.000360,6,3,HOME01 HOME02 HOME03 HOME04 HOME05 HOME06 HOME07 HOME08 HOME09 HOME10 HOME11 HOME12 HOME13 HOME14 HOME15 HOME16 HOME17 HOME18 HOME19 HOME20 OFFICE01 OFFICE02 OFFICE03 OFFICE04 OFFICE05 OFFICE06 LAB01 LAB02 LAB03 LAB04 LAB05 FARM02 FARM03 FACT01 FACT02 FACT03 FACT04 FACT05
now,now,ac+fan+purifier,,AirConditioner,,,0.000300,5,3,HOME01 HOME02 HOME03 HOME04 HOME05 HOME06 HOME07 HOME08 HOME09 HOME11 HOME12 HOME13 HOME15 HOME17 HOME18 HOME19 HOME20 OFFICE01 OFFICE02 OFFICE03 OFFICE04 OFFICE05 OFFICE06 LAB01 LAB04 FARM04
now,now,light.on+light.scene+plug,,Light,,,0.000300,5,3,HOME01 HOME02 HOME03 HOME04 HOME05 HOME06 HOME07 HOME08 HOME09 HOME10 HOME11 HOME12 HOME13 HOME14 HOME15 HOME16 HOME17 HOME18 HOME19 HOME20 OFFICE01 OFFICE02 OFFICE03 OFFICE04 OFFICE05 OFFICE06 LAB01 LAB02 LAB03 LAB04 LAB05 FARM02 FARM03 FACT01 FACT02 FACT03 FACT04 FACT05
now,now,garage+plug,,GarageDoor,,,0.000300,5,3,HOME06 HOME07 HOME15 HOME16 HOME18 FACT02
now,now,light.on+light.scene+notify,,Light,,,0.000300,5,3,HOME01 HOME02 HOME03 HOME04 HOME05 HOME06 HOME07 HOME08 HOME09 HOME10 HOME11 HOME12 HOME13 HOME14 HOME15 HOME16 HOME17 HOME18 HOME19 HOME20 OFFICE01 OFFICE02 OFFICE03 OFFICE04 OFFICE05 OFFICE06 LAB01 LAB02 LAB03 LAB04 LAB05 FARM02 FARM03 FACT01 FACT02 FACT03 FACT04 FACT05
now,now,light.on+thermostat,,Light,,,0.000300,5,3,HOME01 HOME02 HOME03 HOME04 HOME05 HOME06 HOME07 HOME08 HOME09 HOME10 HOME11 HOME12 HOME13 HOME14 HOME15 HOME16 HOME17 HOME18 HOME19 HOME20 OFFICE01 OFFICE02 OFFICE03 OFFICE04 OFFICE05 OFFICE06 LAB01 LAB02 LAB03 LAB04 LAB05 FARM02 FARM03 FACT01 FACT02 FACT03 FACT04 FACT05
now,now,garage+media,,Television,,,0.000300,5,3,HOME02 HOME03 HOME04 HOME06 HOME07 HOME08 HOME11 HOME12 HOME13 HOME14 HOME15 HOME18
now,now,garage+light.dim,,Light,,,0.000300,5,3,HOME01 HOME02 HOME03 HOME04 HOME05 HOME06 HOME07 HOME08 HOME09 HOME10 HOME11 HOME12 HOME13 HOME14 HOME15 HOME16 HOME17 HOME18 HOME19 HOME20 OFFICE01 OFFICE02 OFFICE03 OFFICE04 OFFICE05 OFFICE06 LAB01 LAB02 LAB03 LAB04 LAB05 FARM02 FARM03 FACT01 FACT02 FACT03 FACT04 FACT05
now,now,light.scene+switch+timer,,Light,,,0.000300,5,3,HOME01 HOME02 HOME03 HOME04 HOME05 HOME06 HOME07 HOME08 HOME09 HOME10 HOME11 HOME12 HOME13 HOME14 HOME15 HOME16 HOME17 HOME18 HOME19 HOME20 OFFICE01 OFFICE02 OFFICE03 OFFICE04 OFFICE05 OFFICE06 LAB01 LAB02 LAB03 LAB04 LAB05 FARM02 FARM03 FACT01 FACT02 FACT03 FACT04 FACT05
now,now,coffee+switch+timer,,CoffeeMaker,,,0.000300,5,3,HOME19 HOME20 OFFICE01 OFFICE02 OFFICE04 OFFICE06
now,now,light.dim+light.scene,,Light,,,0.000240,4,3,HOME01 HOME02 HOME03 HOME04 HOME05 HOME06 HOME07 HOME08 HOME09 HOME10 HOME11 HOME12 HOME13 HOME14 HOME15 HOME16 HOME17 HOME18 HOME19 HOME20 OFFICE01 OFFICE02 OFFICE03 OFFICE04 OFFICE05 OFFICE06 LAB01 LAB02 LAB03 LAB04 LAB05 FARM02 FARM03 FACT01 FACT02 FACT03 FACT04 FACT05
now,now,light.on+plug,,Light,,,0.000240,4,3,HOME01 HOME02 HOME03 HOME04 HOME05 HOME06 HOME07 HOME08 HOME09 HOME10 HOME11 HOME12 HOME13 HOME14 HOME15 HOME16 HOME17 HOME18 HOME19 HOME20 OFFICE01 OFFICE02 OFFICE03 OFFICE04 OFFICE05 OFFICE06 LAB01 LAB02 LAB03 LAB04 LAB05 FARM02 FARM03 FACT01 FACT02 FACT03 FACT04 FACT05
now,now,light.color+light.scene,,Light,,,0.000240,4,3,HOME01 HOME02 HOME03 HOME04 HOME05 HOME06 HOME07 HOME08 HOME09 HOME10 HOME11 HOME12 HOME13 HOME14 HOME15 HOME16 HOME17 HOME18 HOME19 HOME20 OFFICE01 OFFICE02 OFFICE03 OFFICE04 OFFICE05 OFFICE06 LAB01 LAB02 LAB03 LAB04 LAB05 FARM02 FARM03 FACT01 FACT02 FACT03 FACT04 FACT05
now,now,camera+light.color+light.scene,,Light,,,0.000240,4,3,HOME01 HOME02 HOME03 HOME04 HOME05 HOME06 HOME07 HOME08 HOME09 HOME10 HOME11 HOME12 HOME13 HOME14 HOME15 HOME16 HOME17 HOME18 HOME19 HOME20 OFFICE01 OFFICE02 OFFICE03 OFFICE04 OFFICE05 OFFICE06 LAB01 LAB02 LAB03 LAB04 LAB05 FARM02 FARM03 FACT01 FACT02 FACT03 FACT04 FACT05
now,now,notify+switch,,NotificationProvider,,,0.000240,4,3,HOME01 HOME02 HOME03 HOME04 HOME05 HOME06 HOME07 HOME08 HOME09 HOME10 HOME11 HOME12 HOME13 HOME14 HOME15 HOME16 HOME17 HOME18 HOME19 HOME20 OFFICE01 OFFICE02 OFFICE03 OFFICE04 OFFICE05 OFFICE06 LAB01 LAB02 LAB03 LAB04 LAB05 FARM01 FARM02 FARM03 FARM04 FACT01 FACT02 FACT03 FACT04 FACT05
now,now,light.on+light.scene+switch,,Light,,,0.000240,4,3,HOME01 HOME02 HOME03 HOME04 HOME05 HOME06 HOME07 HOME08 HOME09 HOME10 HOME11 HOME12 HOME13 HOME14 HOME15 HOME16 HOME17 HOME18 HOME19 HOME20 OFFICE01 OFFICE02 OFFICE03 OFFICE04 OFFICE05 OFFICE06 LAB01 LAB02 LAB03 LAB04 LAB05 FARM02 FARM03 FACT01 FACT02 FACT03 FACT04 FACT05
now,now,light.dim+switch,,Light,,,0.000240,4,3,HOME01 HOME02 HOME03 HOME04 HOME05 HOME06 HOME07 HOME08 HOME09 HOME10 HOME11 HOME12 HOME13 HOME14 HOME15 HOME16 HOME17 HOME18 HOME19 HOME20 OFFICE01 OFFICE02 OFFICE03 OFFICE04 OFFICE05 OFFICE06 LAB01 LAB02 LAB03 LAB04 LAB05 FARM02 FARM03 FACT01 FACT02 FACT03 FACT04 FACT05
now,now,fan+garage+switch,,Fan,,,0.000240,4,3,HOME01 HOME03 HOME04 HOME05 HOME06 HOME08 HOME09 HOME10 HOME12 HOME13 HOME14 HOME17 HOME19 HOME20 OFFICE01 OFFICE04 FARM02
now,now,cover+light.dim+light.on,,Light,,,0.000240,4,3,HOME01 HOME02 HOME03 HOME04 HOME05 HOME06 HOME07 HOME08 HOME09 HOME10 HOME11 HOME12 HOME13 HOME14 HOME15 HOME16 HOME17 HOME18 HOME19 HOME20 OFFICE01 OFFICE02 OFFICE03 OFFICE04 OFFICE05 OFFICE06 LAB01 LAB02 LAB03 LAB04 LAB05 FARM02 FARM03 FACT01 FACT02 FACT03 FACT04 FACT05
now,now,garage+switch+timer,,GarageDoor,,,0.000240,4,3,HOME06 HOME07 HOME15 HOME16 HOME18 FACT02
now,now,lock+thermostat,,Thermostat,,,0.000240,4,3,HOME02 HOME05 HOME06 HOME07 HOME11 HOME14 HOME16 HOME18 HOME19 HOME20 OFFICE01 OFFICE06
now,now,camera+thermostat,,Thermostat,,,0.000180,3,3,HOME02 HOME05 HOME06 HOME07 HOME11 HOME14 HOME16 HOME18 HOME19 HOME20 OFFICE01 OFFICE06
now,now,ac+light.off+light.on,,Light,,,0.000180,3,3,HOME01 HOME02 HOME03 HOME04 HOME05 HOME06 HOME07 HOME08 HOME09 HOME10 HOME11 HOME12 HOME13 HOME14 HOME15 HOME16 HOME17 HOME18 HOME19 HOME20 OFFICE01 OFFICE02 OFFICE03 OFFICE04 OFFICE05 OFFICE06 LAB01 LAB02 LAB03 LAB04 LAB05 FARM02 FARM03 FACT01 FACT02 FACT03 FACT04 FACT05
now,now,camera+garage+light.color,,Light,,,0.000180,3,3,HOME01 HOME02 HOME03 HOME04 HOME05 HOME06 HOME07 HOME08 HOME09 HOME10 HOME11 HOME12 HOME13 HOME14 HOME15 HOME16 HOME17 HOME18 HOME19 HOME20 OFFICE01 OFFICE02 OFFICE03 OFFICE04 OFFICE05 OFFICE06 LAB01 LAB02 LAB03 LAB04 LAB05 FARM02 FARM03 FACT01 FACT02 FACT03 FACT04 FACT05
now,now,light.color+light.on+timer,,Light,,,0.000180,3,3,HOME01 HOME02 HOME03 HOME04 HOME05 HOME06 HOME07 HOME08 HOME09 HOME10 HOME11 HOME12 HOME13 HOME14 HOME15 HOME16 HOME17 HOME18 HOME19 HOME20 OFFICE01 OFFICE02 OFFICE03 OFFICE04 OFFICE05 OFFICE06 LAB01 LAB02 LAB03 LAB04 LAB05 FARM02 FARM03 FACT01 FACT02 FACT03 FACT04 FACT05
now,now,light.color+light.on+light.scene,,Light,,,0.000180,3,3,HOME01 HOME02 HOME03 HOME04 HOME05 HOME06 HOME07 HOME08 HOME09 HOME10 HOME11 HOME12 HOME13 HOME14 HOME15 HOME16 HOME17 HOME18 HOME19 HOME20 OFFICE01 OFFICE02 OFFICE03 OFFICE04 OFFICE05 OFFICE06 LAB01 LAB02 LAB03 LAB04 LAB05 FARM02 FARM03 FACT01 FACT02 FACT03 FACT04 FACT05
now,now,camera+notify,,NotificationProvider,,,0.000180,3,3,HOME01 HOME02 HOME03 HOME04 HOME05 HOME06 HOME07 HOME08 HOME09 HOME10 HOME11 HOME12 HOME13 HOME14 HOME15 HOME16 HOME17 HOME18 HOME19 HOME20 OFFICE01 OFFICE02 OFFICE03 OFFICE04 OFFICE05 OFFICE06 LAB01 LAB02 LAB03 LAB04 LAB05 FARM01 FARM02 FARM03 FARM04 FACT01 FACT02 FACT03 FACT04 FACT05
now,now,garage+vacuum,,GarageDoor,,,0.000180,3,3,HOME06 HOME07 HOME15 HOME16 HOME18 FACT02
now,now,cover+light.on+lock,,Light,,,0.000180,3,3,HOME01 HOME02 HOME03 HOME04 HOME05 HOME06 HOME07 HOME08 HOME09 HOME10 HOME11 HOME12 HOME13 HOME14 HOME15 HOME16 HOME17 HOME18 HOME19 HOME20 OFFICE01 OFFICE02 OFFICE03 OFFICE04 OFFICE05 OFFICE06 LAB01 LAB02 LAB03 LAB04 LAB05 FARM02 FARM03 FACT01 FACT02 FACT03 FACT04 FACT05
now,now,fan+light.on+media,,Light,,,0.000180,3,3,HOME01 HOME02 HOME03 HOME04 HOME05 HOME06 HOME07 HOME08 HOME09 HOME10 HOME11 HOME12 HOME13 HOME14 HOME15 HOME16 HOME17 HOME18 HOME19 HOME20 OFFICE01 OFFICE02 OFFICE03 OFFICE04 OFFICE05 OFFICE06 LAB01 LAB02 LAB03 LAB04 LAB05 FARM02 FARM03 FACT01 FACT02 FACT03 FACT04 FACT05
now,now,cover+garage+lock,,DoorLock,,,0.000180,3,3,HOME01 HOME02 HOME03 HOME04 HOME05 HOME06 HOME07 HOME08 HOME09 HOME10 HOME11 HOME12 HOME13 HOME15 HOME16 HOME18 HOME19 OFFICE01 OFFICE02 OFFICE03 OFFICE04 OFFICE05 OFFICE06 LAB02 LAB03 LAB04 FARM04 FACT02
now,now,garage+light.color,,Light,,,0.000180,3,3,HOME01 HOME02 HOME03 HOME04 HOME05 HOME06 HOME07 HOME08 HOME09 HOME10 HOME11 HOME12 HOME13 HOME14 HOME15 HOME16 HOME17 HOME18 HOME19 HOME20 OFFICE01 OFFICE02 OFFICE03 OFFICE04 OFFICE05 OFFICE06 LAB01 LAB02 LAB03 LAB04 LAB05 FARM02 FARM03 FACT01 FACT02 FACT03 FACT04 FACT05
now,now,sprinkler+switch+timer,,Sprinkler,,,0.000180,3,3,HOME06 HOME07 FARM01 FARM03
now,now,purifier+switch+timer,,AirPurifier,,,0.000180,3,3,HOME02 HOME03 HOME04 HOME08 HOME09 HOME13 HOME15 HOME19 OFFICE01 OFFICE02 OFFICE04 LAB01 LAB03
now,now,light.color+light.on+switch,,Light,,,0.000180,3,3,HOME01 HOME02 HOME03 HOME04 HOME05 HOME06 HOME07 HOME08 HOME09 HOME10 HOME11 HOME12 HOME13 HOME14 HOME15 HOME16 HOME17 HOME18 HOME19 HOME20 OFFICE01 OFFICE02 OFFICE03 OFFICE04 OFFICE05 OFFICE06 LAB01 LAB02 LAB03 LAB04 LAB05 FARM02 FARM03 FACT01 FACT02 FACT03 FACT04 FACT05
now,now,coffee+light.dim+light.on,,Light,,,0.000180,3,3,HOME01 HOME02 HOME03 HOME04 HOME05 HOME06 HOME07 HOME08 HOME09 HOME10 HOME11 HOME12 HOME13 HOME14 HOME15 HOME16 HOME17 HOME18 HOME19 HOME20 OFFICE01 OFFICE02 OFFICE03 OFFICE04 OFFICE05 OFFICE06 LAB01 LAB02 LAB03 LAB04 LAB05 FARM02 FARM03 FACT01 FACT02 FACT03 FACT04 FACT05
now,now,coffee+cover+light.on,,Light,,,0.000180,3,3,HOME01 HOME02 HOME03 HOME04 HOME05 HOME06 HOME07 HOME08 HOME09 HOME10 HOME11 HOME12 HOME13 HOME14 HOME15 HOME16 HOME17 HOME18 HOME19 HOME20 OFFICE01 OFFICE02 OFFICE03 OFFICE04 OFFICE05 OFFICE06 LAB01 LAB02 LAB03 LAB04 LAB05 FARM02 FARM03 FACT01 FACT02 FACT03 FACT04 FACT05
now,now,garage+light.off+light.on,,Light,,,0.000180,3,3,HOME01 HOME02 HOME03 HOME04 HOME05 HOME06 HOME07 HOME08 HOME09 HOME10 HOME11 HOME12 HOME13 HOME14 HOME15 HOME16 HOME17 HOME18 HOME19 HOME20 OFFICE01 OFFICE02 OFFICE03 OFFICE04 OFFICE05 OFFICE06 LAB01 LAB02 LAB03 LAB04 LAB05 FARM02 FARM03 FACT01 FACT02 FACT03 FACT04 FACT05
now,now,lock+waterheater,,DoorLock,,,0.000180,3,3,HOME01 HOME02 HOME03 HOME04 HOME05 HOME06 HOME07 HOME08 HOME09 HOME10 HOME11 HOME12 HOME13 HOME15 HOME16 HOME18 HOME19 OFFICE01 OFFICE02 OFFICE03 OFFICE04 OFFICE05 OFFICE06 LAB02 LAB03 LAB04 FARM04 FACT02
